City,avg_rating,review_count,rating_std
Chindi,5.0,1,
Sainthia,5.0,1,
Perupalem,5.0,1,
Jhargram,5.0,1,
Jawahar,5.0,1,
Jagadhri,5.0,1,
Jadupur,5.0,2,0.0
Azamgarh,5.0,2,0.0
Hiala,5.0,1,
Haorang Sabal,5.0,1,
Avakali,5.0,1,
Ausa,5.0,3,0.0
Manalur,5.0,1,
Habra,5.0,1,
Sajan,5.0,1,
Duhka,5.0,1,
Salud Dugra,5.0,2,0.0
Ghanerao,5.0,1,
Sarangarh,5.0,1,
Garoi,5.0,5,0.0
Chamrajnagar,5.0,2,0.0
Shahpura,5.0,2,0.0
Galibeedu,5.0,2,0.0
Shangarh,5.0,1,
Ezhome,5.0,1,
Singarayakonda,5.0,2,0.0
Eppodumvenran,5.0,1,
Siuri,5.0,1,
Jibhi,5.0,3,0.0
Boisar,5.0,1,
Parthampura,5.0,4,0.0
Balicha,5.0,1,
Malbazar,5.0,5,0.0
Mainpuri,5.0,1,
Bhagdara,5.0,3,0.0
Maina,5.0,4,0.0
Bhairapur,5.0,1,
Mansa,5.0,6,0.0
Lunglei,5.0,5,0.0
Marigaon,5.0,1,
Mehkar,5.0,1,
Bataw,5.0,1,
Melukote,5.0,1,
Kuravilangad,5.0,3,0.0
Kulasekharam,5.0,1,
Nabarangpur,5.0,1,
Kodagurki,5.0,1,
Kidanganad,5.0,1,
Narsinghpur,5.0,1,
Khodala,5.0,7,0.0
Nayagrh,5.0,3,0.0
Neelavara,5.0,1,
Banni,5.0,1,
Nimgaon,5.0,1,
Khalapur,5.0,3,0.0
Kandla,5.0,3,0.0
Paithan,5.0,1,
Sonapur Pathar,5.0,4,0.0
Manali Tehsil,5.0,1,
Cheruthuruthi,5.0,2,0.0
Williamnagar,5.0,1,
Vagholi,5.0,1,
Thangadh,5.0,1,
Vallabh Vidyanagar,5.0,1,
The Nilgiris District,5.0,1,
Dahej,5.0,5,0.0
Dhali,5.0,1,
Thiruvavaduthurai,5.0,1,
Deo,5.0,4,0.0
Thoubal,5.0,1,
Vijaynagar,5.0,1,
Tattapani,5.0,1,
Valapad,5.0,1,
Sunabeda,5.0,1,
Turuvekere,5.0,1,
Upper Subansiri District,5.0,2,0.0
Alirajpur,5.0,1,
Yerragudi,5.0,1,
Ugapur,5.0,1,
Umroli,5.0,1,
Chapagaon,5.0,1,
Dispur,5.0,13,0.0
Tiptur,5.0,2,0.0
Attingal,4.9333,15,0.2582
Nagoa,4.9091,11,0.3015
Kakkanad,4.8947,19,0.4588
Bassi,4.8889,9,0.3333
Haflong,4.8889,9,0.3333
Pozhuthana,4.8889,27,0.3203
Itarsi,4.875,8,0.3536
Etmadpur,4.875,8,0.3536
Assagao,4.8621,29,0.4411
Barddhaman,4.8333,12,0.5774
Dharuhera,4.8333,6,0.4082
Achrol,4.8235,34,0.387
Bagdogra,4.8222,45,0.4903
Aluva,4.8219,1454,0.4786
Nileshwar,4.8087,183,0.5044
Songadh,4.8,5,0.4472
Baghpat,4.8,5,0.4472
Azhikode,4.8,5,0.4472
Nawanshahr,4.8,15,0.414
Gotagodi,4.7969,64,0.5096
Dabolim,4.7877,551,0.5084
Kuttikkanam,4.7812,32,0.42
Sanvordem,4.7812,32,0.42
Chopta,4.7778,9,0.441
Piramadam,4.7778,9,0.441
Deesa,4.7778,9,0.441
Chundale,4.775,120,0.5098
Chinnakanal,4.7632,38,0.542
Vellinezhi,4.75,12,0.4523
Rakchham,4.75,4,0.5
Anakulam,4.75,4,0.5
Udala,4.75,4,0.5
Egatoor,4.75,4,0.5
Bicholim,4.75,4,0.5
Chandauli,4.75,40,0.4935
Vanakbara,4.75,4,0.5
Rampachodavaram,4.75,4,0.5
Tajganj,4.75,4,0.5
Kattoor,4.7368,19,0.4524
Bambolim,4.7287,188,0.6424
Renukoot,4.7273,11,0.4671
Unjha,4.7273,11,0.4671
Nedumbassery,4.725,40,0.64
Nakinda,4.7222,18,0.4609
Chaukori,4.7143,14,0.4688
Tithal,4.7143,7,0.7559
Bidadi,4.7143,7,0.488
Delwara,4.7143,7,0.488
Parra,4.7143,7,0.488
Guirdolim,4.7143,7,0.7559
Vagator,4.7089,158,0.5789
Toranmal,4.7,10,0.483
Teda,4.6977,86,0.6149
Garbeta,4.6923,26,0.5491
Janakpuri,4.6923,13,0.4804
Kolagappara,4.6667,3,0.5774
Thergaon,4.6667,18,0.5941
Long Island,4.6667,3,0.5774
Lakkundi,4.6667,6,0.5164
Venkannaguda,4.6667,3,0.5774
Madla,4.6667,3,0.5774
Gholu Majra,4.6667,6,0.5164
Kudrasthe,4.6667,6,0.5164
Bhinar,4.6667,3,0.5774
Kasarkod,4.6667,9,0.5
Carmona,4.6667,3,0.5774
Khurja,4.6667,3,0.5774
Tasgaon,4.6667,3,0.5774
Chicolna,4.6667,3,0.5774
Khetri,4.6667,3,0.5774
Jamtara,4.6667,3,0.5774
Bandoli,4.6667,9,0.5
Dyathapura,4.6667,3,0.5774
Keonjhar,4.6545,110,0.5816
Gosaba,4.6531,49,0.6308
Phulbani,4.65,20,0.7452
Khopoli,4.6473,9655,0.7615
Poicha,4.6455,110,0.6146
Somnathpur,4.64,25,0.7
Tapovan,4.6399,311,0.676
Maradu,4.6364,11,0.5045
Geyzing,4.6356,365,0.6473
Salawas,4.6316,19,0.5973
Parwanoo,4.625,8,0.744
Shiroda,4.625,24,0.8242
Kotgarh,4.625,8,0.5175
Pernem,4.625,32,0.7071
Morjim,4.6246,2107,0.6638
Bhawanipatna,4.6216,37,0.6811
Agonda,4.6197,2385,0.6805
Muttom,4.619,21,0.669
Bahraich,4.619,21,0.4976
Tala,4.6176,34,0.652
Akluj,4.614,57,0.7009
Shegaon,4.6034,116,0.6578
Dhari,4.6,5,0.5477
Supin Range,4.6,10,0.6992
Sujangarh,4.6,5,0.5477
Begusarai,4.6,5,0.5477
Dharapuram,4.6,5,0.5477
Byndoor,4.6,15,0.6325
Parsada,4.6,10,0.5164
Rohtak,4.5976,164,0.7407
Nuvem,4.5949,195,0.7286
Taoru,4.5938,352,0.7099
Aamby Valley City,4.5882,17,0.6183
Sullia,4.5833,12,0.5149
Kolad,4.5796,226,0.7515
Sanguem,4.5735,272,0.6993
Mandrem,4.5719,876,0.6965
Kathua,4.5714,14,0.5136
Mopidevi,4.5714,7,0.5345
Baran,4.5714,7,0.7868
Bajaura,4.5714,7,0.5345
Korba,4.5714,21,0.6761
Chopdem,4.5714,7,0.7868
Kothamangalam,4.5669,127,0.7827
Utorda,4.5645,643,0.6791
Raiganj,4.56,25,0.6506
Magadi,4.5582,876,0.7827
Cuncolim,4.5581,43,0.7004
Gwaldam,4.5556,9,0.7265
Keori,4.5556,9,0.7265
Mhaismal,4.5556,18,1.0416
Kamshet,4.5556,252,0.7736
Payyanur,4.5556,9,0.7265
Saswad,4.5556,9,0.7265
Horanadu,4.5529,85,0.6815
Kohka,4.55,20,0.6048
Rohru,4.55,20,0.6048
Nizamabad,4.549,51,0.5767
Nargol,4.5455,11,0.6876
Great Nicobar Island,4.5455,11,0.6876
Poonch,4.5455,11,0.8202
Machilipatnam,4.5455,33,0.7538
Siddapura,4.5366,41,0.7449
Thodupuzha,4.5325,77,0.5979
Majorda,4.5308,569,0.7117
Murthal,4.5294,17,1.0073
Firozabad,4.5294,17,0.6243
Khaniyara,4.5294,17,0.5145
Padinjarathara,4.5263,19,0.6118
Benaulim,4.5246,1750,0.7183
Bera,4.5208,48,0.6838
Mira Bhayandar,4.5185,27,0.6427
Havelock Island,4.5175,7046,0.7568
Varca,4.5174,1695,0.7366
Badlapur,4.5172,29,0.7378
Morni Hills,4.5143,35,0.9194
Kumta,4.5128,39,0.8231
Malgund,4.5122,82,0.7411
Khubi,4.5119,84,0.6854
Ashvem Beach,4.5115,174,0.817
Betalbatim,4.5058,342,0.7649
Cavelossim,4.5056,1958,0.7536
Sabalgarh,4.5,2,0.7071
Canning,4.5,2,0.7071
Sagar,4.5,4,1.0
Chuntang,4.5,4,1.0
Astakatti,4.5,2,0.7071
Yupia,4.5,12,1.0
Yanam,4.5,20,0.6882
Vijayapura,4.5,2,0.7071
Salogra,4.5,2,0.7071
Chinsurah,4.5,2,0.7071
Dhaula Kuan,4.5,4,0.5774
Renigunta,4.5,2,0.7071
Vaduvur,4.5,4,0.5774
Ariyankuppam,4.5,2,0.7071
Arayankavu,4.5,2,0.7071
Damoy,4.5,2,0.7071
Shahdara Sharif,4.5,2,0.7071
Shravanabelagola,4.5,2,0.7071
Dasanapura,4.5,2,0.7071
Ujire,4.5,20,0.6882
Falna,4.5,2,0.7071
Siddapur,4.5,26,0.9487
Udalguri,4.5,2,0.7071
Siruvachur,4.5,2,0.7071
Spangmik,4.5,16,0.8165
Ambasamudram,4.5,2,0.7071
Ambur,4.5,12,0.5222
Mandapeta,4.5,2,0.7071
Redi,4.5,18,0.9852
Kanjirappally,4.5,8,0.7559
Maravanthe,4.5,4,1.0
Mazbat,4.5,2,0.7071
Narsapur,4.5,2,0.7071
Rajgurunagar,4.5,2,0.7071
Budaun,4.5,2,0.7071
Mandarthi,4.5,4,0.5774
Nelamangala,4.5,2,0.7071
Jetpur,4.5,16,0.7303
Khargone,4.5,10,0.527
Bidarakatte,4.5,4,0.5774
Nurpur,4.5,4,0.5774
Karuvarakundu,4.5,8,0.5345
Mannarkkad,4.493,71,0.6734
Someshwar,4.4892,139,0.6298
Mararikulam,4.4872,1324,0.7573
Sernabatim,4.4865,37,0.6507
Bilimora,4.48,25,0.7141
Banjar,4.48,25,0.7141
Nongpoh,4.4796,98,0.6921
Tarkarli,4.4794,194,0.7495
Satna,4.4783,23,0.5108
Cansaulim,4.4745,548,0.7339
Igatpuri,4.4738,401,0.7483
Nakodar,4.4737,19,0.7723
Talegaon,4.4737,57,0.7345
Thiksey,4.4737,19,0.7723
Canacona,4.4733,3159,0.7702
Murdeshwar,4.4716,757,0.7652
Belluru,4.4694,49,0.9377
Chinchoti,4.4681,47,0.7475
Hamirpur,4.4667,15,0.7432
Gopalpur On Sea,4.4667,45,0.7568
Bongaigaon,4.4667,15,0.5164
Moradabad,4.4643,84,0.6484
Lonavala,4.4641,8474,0.8258
Paithalmala,4.4615,78,0.6779
Kudal,4.4615,52,0.8035
Mandawa,4.4615,26,0.5818
Sunkadahalli,4.4611,386,0.6836
Penha-de-Franca,4.4583,24,0.7211
Bir,4.4583,48,0.7426
Shamlaji,4.4565,46,0.6898
Noida,4.4562,4849,0.8224
Jalandhar,4.456,978,0.7383
Kaushambi,4.4557,542,0.7956
Nawada,4.4545,11,0.5222
Sundarban,4.4545,11,0.5222
Chirala,4.4533,75,0.843
Ponnampet,4.4524,42,0.8612
Ramgarh,4.4522,230,0.8791
Valsad,4.4516,434,0.7771
Kottarakkara,4.45,20,0.7592
Karad,4.45,20,0.6048
Ketkawale,4.45,40,0.8458
Pratapgarh,4.45,20,0.6863
Lava,4.45,80,0.8252
Surat,4.4485,3556,0.8029
Malpe,4.447,557,0.7931
Nedumkandam,4.4468,47,0.7165
Mulki,4.4444,18,0.9835
Palia Kalan,4.4444,9,0.7265
Gobichettipalayam,4.4444,9,1.0138
Ranakpur,4.4438,187,0.7765
Sattal,4.4414,222,0.775
Kumily,4.4413,775,0.7234
Velneshwar,4.4407,59,0.7717
Shahapur,4.44,25,0.8699
Pantnagar,4.4375,16,0.6292
Arambol,4.4367,1248,0.8203
Amer,4.434,21055,0.7734
Sirsa,4.434,53,0.747
Quepem,4.4328,67,0.8389
Thamarassery,4.4318,132,0.7636
Shivpuri,4.4304,158,0.8398
Dehradun,4.4287,1500,0.7501
Paravoor,4.4286,7,0.5345
Dhule,4.4286,7,0.5345
Wargal,4.4286,7,0.7868
Phalodi,4.4286,7,0.7868
Arki,4.4286,7,0.5345
Chitkul,4.4286,70,0.7137
Halol,4.4286,7,0.7868
Koriya,4.4286,7,0.7868
Azheekal,4.4286,14,0.9376
Nalbari,4.4286,7,1.1339
Nagaur,4.4274,124,0.7454
Ratlam,4.4273,110,0.6699
Thottada,4.4269,171,0.789
Kundapur,4.4264,197,0.8024
Dahanu,4.426,169,0.7292
Kotdwara,4.4259,54,0.7673
Covelong,4.4214,159,0.7986
Taradevi,4.419,253,0.7116
Rohet,4.4189,74,0.5491
Sitarganj,4.4167,12,0.9962
Davanagere,4.4167,12,0.9003
Raebareli,4.4167,12,0.793
Sirmour,4.4167,24,0.7755
Patratu,4.4167,24,0.8297
Khunti,4.4167,12,0.6686
Bekal,4.4167,528,0.7574
Jalna,4.4167,12,0.6686
Himmatnagar,4.4156,77,0.8327
Gandhinagar,4.4153,1180,0.7708
Hubli-Dharwad,4.4145,719,0.8043
Pune District,4.4118,17,0.7123
Betul,4.4091,22,0.5903
Kamargaon,4.4091,22,0.6661
Ongole,4.4074,27,0.7971
Vypin Island,4.4055,1746,0.7964
Sadri,4.4051,2456,0.778
Paonta Sahib,4.4045,89,0.7186
Panshet,4.4044,183,0.7986
Colva,4.4008,1921,0.829
Garjiya,4.4,10,0.6992
Mahul Pali,4.4,5,0.8944
Seoni,4.4,10,0.5164
Pomburpa,4.4,5,0.5477
Alto-Porvorim,4.4,5,1.3416
Batala,4.4,5,0.5477
Cumbum,4.4,5,0.5477
Mangeshi,4.4,30,0.724
Eluru,4.4,10,0.6992
Tenali,4.4,10,0.6992
Kasol,4.4,5,0.8944
Hinjewadi,4.4,20,0.8208
Jariput,4.4,5,0.5477
Kavi,4.4,5,0.8944
Raikot,4.4,5,0.8944
Kainakary,4.4,5,0.8944
Kaipadar,4.4,5,0.8944
Saharsa,4.4,5,0.5477
Amboli,4.3978,93,0.7681
Bhilwara,4.3962,106,0.7261
Sonda,4.3939,33,0.7044
Tripunithura,4.3934,61,0.8222
Durg,4.3926,163,0.749
Jalore,4.3922,51,0.7504
Chhatarpur,4.3909,307,0.8306
Belur,4.3907,1853,0.7591
Chandigarh,4.3907,9991,0.8073
Dhanbad,4.3896,367,0.7846
Bareilly,4.3892,185,0.7371
Nilambur,4.3889,108,0.8069
Gurugram (Gurgaon),4.3882,11395,0.822
Diveagar,4.3874,573,0.8108
Mapusa,4.3855,1528,0.8181
Buldana,4.3853,109,0.8267
Ariyurnadu,4.383,47,0.8736
Sirohi,4.3822,191,0.8114
Bengaluru,4.3814,54733,0.8
Harihar,4.381,21,0.669
Vashisht,4.381,21,0.669
Bardez,4.3804,3478,0.8175
Kalol,4.38,100,0.8138
Anjarle,4.3783,267,0.7823
Ganpatipule,4.378,1820,0.7554
Guhagar,4.3777,188,0.7814
Mukteshwar,4.3769,1125,0.7722
Varkala Town,4.3768,3254,0.8198
Pandavapura,4.375,16,0.7188
Narasapura,4.375,16,0.5
Valpoi,4.375,40,0.8066
Thiruvilvamala,4.375,8,0.744
Koonthakulam,4.375,8,0.744
Shoghi,4.375,72,0.9106
Panna Tiger Reserve,4.375,8,0.744
Dhenkanal,4.375,24,0.8754
Raigarh,4.375,8,0.9161
Uppalapadu,4.375,16,0.7188
Panchkula,4.374,877,0.77
Gandikota,4.3732,276,0.7967
Kashid,4.3723,752,0.8493
Mavelikara,4.3721,43,0.6555
Thariyode,4.3697,119,0.7349
Jalgaon,4.3693,176,0.7819
Mhow,4.3684,57,0.899
Dombivli,4.3684,19,0.684
Vellamunda,4.3684,38,0.913
Tadipatri,4.3684,19,0.684
Vattavada,4.3667,30,0.7184
Khurda,4.3663,101,0.8213
Neemuch,4.3659,41,0.7334
Vajreshwari,4.3645,107,0.9555
Naukuchiatal,4.3636,429,0.8049
Ayyampuzha,4.3636,11,0.9244
Hatkoti,4.3636,11,0.9244
Saundatti,4.3636,11,0.6742
Kemmannagundi,4.3636,11,0.6742
Ghaziabad,4.3623,886,0.7787
Kovalam,4.3615,3914,0.8385
Mudigere,4.3611,36,0.8993
Bhandardara,4.3611,108,0.8478
Manipal,4.361,457,0.7601
Karnal,4.3607,183,0.7852
Chalakudy,4.3589,248,0.8224
Peermade,4.3571,126,0.8435
Bogmalo,4.3568,241,0.8449
Nawalgarh,4.3532,201,0.7679
Mettupalayam,4.3529,17,0.7859
Kanker,4.3529,17,0.8618
Yavatmal,4.3529,34,0.8121
Nashik,4.3525,6596,0.854
Hemis,4.3504,234,0.8004
Solan,4.35,320,0.8282
Darbhanga,4.35,20,0.6708
Jamshedpur,4.3499,1126,0.7401
Tirumala,4.3494,83,0.8473
Nadiad,4.3491,106,0.7812
Nameri National Park,4.3488,43,0.8697
Mandsaur,4.3488,43,0.7523
Fatehpur,4.3488,43,0.9228
Hosur,4.3487,152,0.8159
Greater Noida,4.3486,568,0.8451
Sarahan,4.3476,187,0.7492
Pinjore,4.3474,285,0.8488
Sinquerim,4.3471,2233,0.8038
Netravali,4.3469,49,0.7786
Chandannagar,4.3465,101,0.8054
Jhunjhunu,4.3464,153,0.8217
Bhimtal,4.3462,936,0.8181
Sinnar,4.3457,81,0.7099
Tenkasi,4.3451,113,0.765
Kalimpong,4.3446,1721,0.7816
Nanded,4.343,277,0.8174
Mahuva,4.3429,35,0.6835
Rawatbhata,4.3429,35,0.6835
Narendranagar,4.3415,41,0.7619
Kushalnagar,4.3411,129,0.7126
Arpora,4.3396,2273,0.9086
Mandarmani,4.3393,843,0.9111
Navsari,4.3383,133,0.8429
Navi Mumbai,4.3377,4057,0.7884
Salasar,4.3371,267,0.7451
Purulia,4.3368,291,0.8769
Osian,4.3356,149,0.7764
Kanhangad,4.3333,24,0.8681
Qadian,4.3333,6,0.8165
Subrahmanya,4.3333,3,0.5774
Haripurdhar,4.3333,9,0.7071
Rampur,4.3333,9,0.866
Jhalrapatan,4.3333,6,0.5164
Anchal,4.3333,3,1.1547
Kotkhai,4.3333,9,0.7071
Ranipet,4.3333,3,0.5774
Salkanpur,4.3333,6,1.0328
Sadahalli,4.3333,3,0.5774
Hoshiarpur,4.3333,21,0.7958
Rohtas,4.3333,3,1.1547
Karsog,4.3333,6,0.8165
Motihari,4.3333,9,0.866
Barua Sagar,4.3333,3,0.5774
Rajakkad,4.3333,3,0.5774
Vemulawada,4.3333,6,0.8165
Sandur,4.3333,12,0.6513
Rajapalayam,4.3333,6,0.8165
Cortalim,4.3333,6,0.8165
Kalyani,4.3333,3,0.5774
Sanasar,4.3333,3,0.5774
Rajpura,4.3333,15,0.6172
Kokrajhar,4.3333,3,0.5774
Baga,4.3309,6589,0.8859
Dharamsala,4.3302,4758,0.8334
Salem,4.3295,959,0.79
Chowara,4.3294,85,0.9308
Nadia,4.3289,149,0.8174
Kota,4.3271,859,0.7897
Angul,4.3269,52,0.9014
Thane,4.3254,2022,0.858
Saligao,4.3254,169,0.8205
Kanipakam,4.3253,83,0.7668
Pahalgam,4.3241,3882,0.8467
Ahmedabad,4.3238,18732,0.8036
Anandpur Sahib,4.3226,93,0.7962
Pilani,4.3214,56,0.6355
Mannargudi,4.3214,28,0.6696
Kottayam,4.3212,1124,0.8265
Kullu,4.3206,1416,0.8383
Nanded-Waghala,4.32,50,0.7677
Thrikkakara,4.32,25,0.8021
Mandi,4.3184,625,0.8201
Tinsukia,4.3182,154,0.8061
Vaikom,4.3182,44,0.9092
Secunderabad,4.3176,340,0.7598
Lavasa,4.3161,310,0.9331
Vasco da Gama,4.316,576,0.822
Vagamon,4.316,712,0.8077
Koraput,4.3158,57,0.6313
Kawardha,4.3158,76,0.7867
Jeypore,4.3158,57,0.7111
Jawhar,4.3151,73,0.8144
Gokak,4.3143,35,0.9
Ramanagara,4.3136,118,0.8935
Athirappilly,4.3135,1040,0.8219
Pothamedu,4.3135,370,0.7991
Maheshwar,4.3127,534,0.7925
Agra,4.3126,39271,0.8521
Tijara,4.3125,48,0.7761
Titwala,4.3125,16,0.7042
Ranthambore National Park,4.3119,545,0.839
Yuksom,4.3113,212,0.8416
Kannan Devan Hills,4.3111,315,0.7931
Raipur,4.311,1582,0.7909
Tumkur,4.3099,342,0.8089
Nainital,4.3094,7961,0.817
Malvan,4.3091,1404,0.8035
Lansdowne,4.309,2563,0.8362
Muzaffarpur,4.3084,107,0.7449
Mashobra,4.3077,65,0.8646
Mahe,4.3077,13,0.7511
Vrindavan,4.3073,2997,0.8604
Kalka,4.3056,36,0.7099
Bharuch,4.3055,563,0.813
Baijnath,4.305,141,0.7648
Karauli,4.3049,164,0.7544
Vasai,4.3046,174,0.9023
Mangalore,4.3045,4352,0.8093
Divar Island,4.3043,23,0.8757
Namsai,4.3043,23,0.8221
Ramnagar,4.3029,482,0.8528
Sagara,4.3026,76,0.7663
Bhowali,4.3021,96,0.8223
Paradeep,4.3019,53,0.8679
Bordi,4.3013,156,0.8682
Pratappur,4.3,10,1.2517
Latur,4.3,50,0.8144
Jharsuguda,4.3,20,0.7327
Sivasagar,4.3,20,0.7327
Hazaribagh,4.3,100,0.8704
Lamayuru,4.2993,274,0.7738
Thrissur,4.2991,2745,0.8107
Singalila National Park,4.2991,234,0.8468
Pimpri-Chinchwad,4.2973,222,0.7622
Kuruppampady,4.2973,37,0.968
Kotagiri,4.2968,374,0.854
Rourkela,4.2967,364,0.8198
Udupi,4.296,1858,0.7784
Dapoli,4.2959,784,0.8807
New Tehri,4.2947,319,0.7776
Kanpur,4.2943,1084,0.8361
Dehgam,4.2941,34,0.8714
Anachal,4.2939,245,0.8119
Krishnagiri,4.2921,89,0.8421
Gondal,4.2917,96,0.8696
Pauri,4.2911,79,0.8646
Mansar,4.2909,55,0.9364
Sivakasi,4.2903,31,0.7829
Anantapur,4.2903,124,0.8042
Loleygaon,4.2899,69,0.7878
Mount Abu,4.2898,6871,0.8313
Kanger Valley National Park,4.2891,128,0.805
Srinagar,4.2882,17225,0.8284
Bapatla,4.2879,132,0.8519
Bangaram,4.2871,101,0.9417
Puthuppally,4.2857,7,0.488
Bhatkal,4.2857,84,0.7536
Nongstoin,4.2857,14,0.9945
Moga,4.2857,35,0.7101
Nattarasankottai,4.2857,7,0.7559
Kupwara,4.2857,7,1.1127
Palghar,4.2857,119,0.8844
Malavalli,4.2857,7,0.9512
Dindori,4.2857,7,1.1127
Adoor,4.2857,7,0.7559
Burdwan,4.2857,14,0.8254
Ullal,4.2857,14,1.069
Umbergaon,4.2857,7,0.7559
Chikka Madhure,4.2857,7,0.488
Balangir,4.2857,7,0.9512
Bokaro Steel City,4.2848,151,0.7948
Panna,4.2844,109,0.7828
Banswara,4.2843,102,0.7627
Thriprayar,4.2841,88,0.7573
Rajkot,4.2838,1614,0.803
Jodhpur,4.2828,15745,0.8366
Sringeri,4.2824,340,0.785
Vikarabad,4.2821,156,0.8254
Mysuru (Mysore),4.2814,22741,0.8376
Hastinapur,4.2812,32,0.7719
Shirgaon,4.2812,64,0.7008
Ganeshgudi,4.2807,57,0.6749
Pondicherry,4.2804,12271,0.8737
Gorakhpur,4.2803,396,0.8448
Nalagarh,4.28,25,1.2423
Mukutmanipur,4.28,125,0.8576
Nahan,4.2792,240,0.9063
Chakrata,4.2789,147,0.8341
Khandala,4.2789,2212,0.8636
Sri Ganganagar,4.2787,61,0.8192
Thirunelly,4.2778,18,0.7519
Wokha,4.2778,18,0.7519
Bundi,4.2773,1284,0.9104
Coimbatore,4.2771,5544,0.8179
Chikkaballapur,4.2767,1294,0.8585
Bhuvanagiri,4.2766,47,0.7995
Temi,4.2759,116,0.8606
Bhopal,4.2748,5324,0.851
Hyderabad,4.2745,39622,0.8515
Neil Island,4.2736,1809,0.8823
Mayapur,4.2727,121,0.7638
Mumbai,4.271,81483,0.8468
Giridih,4.2707,133,0.8177
Auli,4.2707,133,0.8084
Lepakshi,4.2706,654,0.8293
Malappuram,4.2705,366,0.8146
Jhalawar,4.2703,74,0.8648
Ratnagiri,4.2696,1350,0.8601
Ponnani,4.2692,26,0.7243
Anand,4.2683,287,0.7626
Solapur,4.2676,482,0.8389
Vengurla,4.2671,146,0.8161
Adipur,4.2667,30,0.6915
Nandurbar,4.2667,15,0.8837
Ghatgan,4.2667,30,0.6397
Baramati,4.265,200,0.7732
Jambughoda,4.2647,34,0.8279
Chittoor,4.2644,450,0.8462
Karimnagar,4.2639,72,0.8391
New Delhi,4.2632,96937,0.8745
Bhagsu Nag,4.2632,76,0.9146
Kaloor,4.2632,38,0.828
Vandiperiyar,4.2623,61,0.8926
Sohna,4.2609,23,0.9154
Kannur,4.2607,2436,0.8481
Sangla,4.2606,756,0.8407
Saputara,4.2602,1618,0.8298
Antarvedi,4.26,50,0.8283
Vadodara,4.2592,5699,0.8212
Panjim,4.2584,7114,0.8891
Hisar,4.2576,66,0.8649
Dabguli,4.2574,470,0.9506
Amalapuram,4.2571,35,0.6572
Maihar,4.2558,86,0.8428
Ranchi,4.2555,1577,0.8377
Udaipur,4.2554,30333,0.8369
Davangere,4.2553,47,0.92
Kadi,4.2553,47,0.9884
Ambaji,4.2549,463,0.8322
Gokarna,4.2541,2554,0.8749
Malsi,4.2541,665,0.8867
Panchgani,4.2532,2133,0.8363
Chiplun,4.252,123,0.8454
Mahabaleshwar,4.2514,7779,0.8394
Shankheshwar,4.25,4,1.5
Vikramgadh,4.25,4,0.9574
Carambolim,4.25,8,0.7071
Aversa,4.25,4,0.5
Virudachalam,4.25,4,0.9574
Nakhatrana,4.25,8,0.8864
Labpur,4.25,4,0.9574
Pulpally,4.25,4,0.5
Ambajogai,4.25,8,0.8864
Bhind,4.25,8,1.0351
Sehore,4.25,8,0.7071
Perumbavoor,4.25,36,0.8742
Mawphlang,4.25,60,0.8156
Erimayur-II,4.25,4,0.5
Perambalur,4.25,4,0.9574
Paliyem,4.25,20,0.9105
Thiruchendur,4.25,216,0.8422
Sanquelim,4.25,12,0.7538
Dungarpur,4.25,56,0.8146
Barwani,4.25,4,0.9574
Verinag,4.25,16,0.9309
Mulshi,4.25,8,0.8864
Alipurduar,4.25,8,0.8864
Hundur,4.25,24,0.847
Siliguri,4.2497,789,0.8353
Dhanaulti,4.2496,653,0.8899
Manali,4.2489,15369,0.8366
Kurseong,4.2484,157,0.7898
Hunder,4.2481,133,0.7824
Rupnagar,4.248,250,0.875
Panvel,4.2477,214,0.7928
Nagarhole National Park,4.2476,206,0.89
Ernakulam,4.2463,1506,0.8343
Masinagudi,4.2462,65,0.7712
Vythiri,4.2453,1235,0.8477
Medicherlapalem,4.2449,49,0.8787
Channapatna,4.2446,233,0.9309
Kanha National Park,4.2439,41,0.8883
Kumbhalgarh,4.2438,1899,0.8471
Namchi,4.2426,606,0.8084
Chidambaram,4.2424,656,0.8069
Naggar,4.2421,1041,0.8498
Pathankot,4.2417,120,0.8401
Kutch,4.2411,1240,0.8442
Dudhwa National Park,4.24,25,0.8307
Karjat Town,4.24,125,0.9951
Chapora,4.2395,948,0.8552
Palanpur,4.2394,71,0.8188
Bharatpur,4.2389,2080,0.8432
Nellore,4.2389,314,0.7772
Kodungallur,4.2377,122,0.8629
Thirunageswaram,4.2374,219,0.7409
Pune,4.2372,22907,0.8624
Mohali,4.2371,388,0.9885
Kodaikanal,4.2371,11150,0.8591
Halebid,4.2369,785,0.8541
Satpura National Park,4.2364,55,0.9806
Bhitarkanika National Park,4.2361,72,0.7781
Mawlynnong,4.2361,826,0.8246
Jaipur,4.2355,37717,0.8539
Durgapur,4.2354,463,0.8049
Lataguri,4.2353,17,0.9034
Bhimavaram,4.2353,68,0.7749
Visakhapatnam (Vizag),4.2346,9969,0.8545
Wardha,4.2336,107,0.796
Chengalpattu,4.2333,30,0.8172
Velavadar,4.2333,90,0.8218
Jowai,4.2328,232,0.7989
Calangute,4.232,3194,0.9286
Thiruvannamalai,4.232,707,0.8176
Honnavar,4.2316,95,0.8437
Patiala,4.2315,635,0.7992
Kayavarohan,4.2308,26,0.7646
Dona Paula,4.2308,992,0.8804
Munnar,4.2306,11745,0.8374
Hospet,4.2292,589,0.8412
Karur,4.2292,96,0.7743
Meerut,4.2291,419,0.85
Kaziranga National Park,4.2288,271,0.7837
Khandwa,4.2286,35,0.7702
Gurdaspur,4.2286,70,0.837
Netarhat,4.2273,44,0.803
Sultanpur,4.2273,22,0.8691
Modhera,4.2272,383,0.8519
Chamba,4.2271,1506,0.8689
Matheran,4.227,2326,0.8312
Zirakpur,4.2266,128,0.7958
Yamunanagar,4.2258,31,0.762
Bodh Gaya,4.2255,2262,0.8261
Katni,4.2254,71,0.6803
Amravati,4.225,240,0.7758
Warangal,4.2237,818,0.8498
Trivandrum,4.2233,11179,0.8427
Khajuraho,4.2232,3140,0.8354
Shrivardhan,4.2225,481,0.912
Silvassa,4.2223,1318,0.8704
Khordha,4.2222,9,0.6667
Dewas,4.2222,54,0.8165
Khanvel,4.2222,9,0.6667
Pokaran,4.2222,9,0.8333
Dawki,4.2222,396,0.8486
Maem,4.2222,18,0.9428
Jabalpur,4.2217,2409,0.8332
Aritar,4.2215,158,0.8715
Kevadia,4.2211,95,0.8894
Orchha,4.221,1846,0.8547
Kasaragod,4.2206,952,0.8404
Bhadrachalam,4.2201,159,0.8393
Wai,4.22,50,0.7637
Vijayawada,4.2197,1684,0.8376
Jhajjar,4.2188,96,1.0974
Nagothane,4.2188,32,0.7925
Dalhousie,4.2184,3090,0.8503
Satara,4.2182,1045,0.8271
Rewari,4.2179,78,0.696
Midnapore,4.2179,624,0.8962
Sirsi,4.2177,372,0.8425
Rajpipla,4.2174,46,1.0309
Belgaum,4.2169,415,0.8113
Katra,4.2167,466,0.8232
Yelagiri,4.2165,762,0.8948
Rajahmundry,4.2165,485,0.8109
Muttukadu,4.2162,495,0.8746
Diskit,4.2155,116,0.8728
Ravangla,4.2154,325,0.7953
Vihigaon,4.2152,79,0.9292
Jalpaiguri,4.2148,391,0.832
Bathinda,4.2147,340,0.8712
Agatti,4.2143,70,0.9151
Meppadi,4.2143,14,0.8926
Bandipur National Park,4.2143,70,0.9615
Narmada,4.2132,319,0.924
Chail,4.2131,1126,0.9037
Gajner,4.2124,193,0.8609
Bomdila,4.2123,212,0.9273
Almora,4.2117,1162,0.8414
Khammam,4.2115,52,0.8708
Sonipat,4.2115,156,1.0349
Kasauli,4.2108,1755,0.8649
Ludhiana,4.2108,650,0.8547
Kakinada,4.2107,242,0.9774
Coonoor,4.2102,3126,0.867
Indore,4.2102,5451,0.8278
Tiruchendur,4.2102,157,0.8323
Kollur,4.2101,557,0.7939
Bhavnagar,4.2101,690,0.8369
Surendranagar,4.21,100,0.7951
Rudra Prayag,4.2093,258,0.8245
Mormugao,4.2091,220,0.8664
Dhamtari,4.2083,48,1.0306
Bhojpur,4.2083,144,0.7561
Ponda,4.2081,1341,0.9227
Moodabidri,4.2075,53,0.7686
Goa Velha,4.207,3247,0.8249
Bilaspur,4.2069,406,0.85
Ellora,4.2069,29,0.9016
Thenmala,4.2064,218,0.8686
Nagpur,4.2061,2926,0.8702
Belakavadi,4.2053,682,0.903
Sangameshwar,4.2051,78,0.8733
Narkanda,4.2047,513,0.8987
Bhadrak,4.2041,49,0.816
Puttaparthi,4.2039,358,0.8201
Gondia,4.2039,255,0.8771
Madurai,4.2032,6406,0.8549
Abhaneri,4.203,867,0.8381
Ambala,4.2029,207,0.8908
Ganjam,4.2023,257,0.8232
Bahadurgarh,4.2,15,1.0823
Adoni,4.2,5,1.0954
Rajnandgaon,4.2,25,0.7071
Nuh,4.2,5,0.4472
Rajsamand,4.2,80,0.9195
Lalitpur,4.2,5,0.8367
Lumding,4.2,5,0.8367
Beypore,4.2,5,0.8367
Puttur,4.2,5,0.8367
Barshi,4.2,5,0.8367
Koderma,4.2,15,0.8619
Oachira,4.2,5,0.8367
Sarzora,4.2,5,0.4472
Siridao,4.2,20,0.8335
Pasighat,4.2,10,0.7888
Panhala,4.2,10,0.7888
Fatorpa,4.2,10,0.7888
Bhandara,4.2,25,0.866
Gangtok,4.1997,16427,0.8624
Diu,4.1978,3144,0.9118
Yellapur,4.1969,127,0.8823
Ukhimath,4.1966,295,0.8423
Itanagar,4.1964,168,0.9041
Bikaner,4.196,2444,0.8515
Alappuzha,4.1958,4352,0.8976
Srivilliputhur,4.1957,138,0.8182
Kolhapur,4.195,2836,0.8531
Palakkad,4.1945,1090,0.888
Thattekad,4.1942,139,0.9237
Mehsana,4.1941,237,0.998
Jaunpur,4.1935,124,0.9255
Mandla,4.1935,584,0.8438
Thanjavur,4.1935,2667,0.8752
Shekhawati,4.1923,26,0.8953
Garhwal,4.1915,47,0.924
Palampur,4.1909,791,0.9333
Ooty,4.1906,16580,0.9026
Dharchula,4.1905,21,0.8729
Mandvi,4.1894,602,0.907
Bhimashankar,4.1893,819,0.8562
Shimoga,4.1881,2164,0.8613
Chaibasa,4.1875,16,1.0468
Dahod,4.1875,16,0.9106
Ahmednagar,4.1869,626,0.9149
Alibaug,4.1868,1911,0.9523
Lachung,4.1865,1453,0.8878
Kanadukathan,4.1864,59,0.9187
Kolkata,4.1861,30283,0.8708
Darjeeling,4.1857,13982,0.8704
Jagdalpur,4.1852,351,0.8468
Sikar,4.1852,297,0.9131
Kochi (Cochin),4.1852,19809,0.8593
Vellore,4.1849,1455,0.8703
Jamnagar,4.1835,1259,0.8629
Kolar,4.1835,474,0.8833
Udhampur,4.1829,82,0.9313
Jejuri,4.1829,82,0.9044
Kannad,4.1818,11,0.9816
Sankarankoil,4.1818,11,0.8739
Jaggaiahpet,4.1818,11,0.7508
Kalasa,4.1818,44,0.87
Dharampur,4.1818,11,0.7508
Haroa,4.1818,11,1.0787
Bhuntar,4.1818,22,0.795
Rayagada,4.1818,11,0.8739
Velankanni,4.1811,740,0.8963
Khonoma,4.1806,72,0.9394
Mandya,4.1803,721,0.9148
Asansol,4.1803,244,0.8512
Aligarh,4.18,150,0.7334
Kozhikode,4.1794,2219,0.8935
Devarayanadurga,4.1786,28,0.9449
Kallar,4.1786,28,0.9449
Sahibabad,4.1781,73,0.9181
Adilabad,4.1777,242,0.9049
Samastipur,4.1765,17,0.7276
Hoshangabad,4.1765,34,0.8694
Samsing,4.1765,34,0.8694
Mahabalipuram,4.1764,7489,0.834
Karwar,4.1762,891,0.8826
Dabaspete,4.1761,159,0.9038
Cuddalore,4.1754,171,0.9099
Dandeli,4.1745,642,0.8871
Uttarkashi,4.1741,293,0.8722
Kadapa,4.1739,46,0.8247
Auroville,4.1736,1492,0.8652
Rishikesh,4.1729,6674,0.8606
Sambalpur,4.1726,423,0.8151
Gopalpur,4.1724,29,1.1042
Kayamkulam,4.1724,29,0.8481
Kollam,4.1724,1230,0.8936
Chennai,4.1707,24595,0.8969
Sangli,4.1687,243,0.8626
Erode,4.1683,202,0.8472
Hardoi,4.1667,12,0.5774
Ernakulam District,4.1667,6,0.7528
Chhindwara,4.1667,60,0.7403
Sheopur,4.1667,6,0.9832
Bargarh,4.1667,24,1.0072
Panamaram,4.1667,6,1.6021
Ramakkalmedu,4.1667,6,0.7528
Kamavarapukota,4.1667,6,0.9832
Sidhi,4.1667,12,0.8348
Ramtek,4.1667,30,0.8743
Kuchaman,4.1667,42,0.853
Mangaldai,4.1667,18,0.7859
Kashipur,4.1667,12,0.7177
Chamarajanagar,4.1667,174,0.8265
Balurghat,4.1667,6,0.9832
Manarcaud,4.1667,6,0.7528
Shimla,4.1666,14757,0.905
Binsar,4.1653,121,0.9341
Kunkeshwar,4.1648,91,0.8977
Shirdi,4.1646,4344,0.8502
Badami,4.1644,1192,0.8634
Bhuj,4.1638,3278,0.8885
Jim Corbett National Park,4.1637,1692,0.8274
Gwalior,4.1633,2744,0.8536
Bhilai,4.1625,160,0.8233
Cuttack,4.1621,475,0.835
Pilibhit,4.1613,31,0.898
Konark,4.1613,496,0.882
Chamoli,4.1611,683,0.865
Jammu City,4.1608,3140,0.8552
Porbandar,4.1605,779,0.8701
Talacauvery,4.1591,220,0.8093
Ukhrul,4.1579,19,0.7647
Joshimath,4.1574,235,0.8196
Palitana,4.1573,178,0.8753
Rajaji National Park,4.1569,51,0.8803
Chikmagalur,4.1562,4104,0.9203
Manikaran,4.1541,318,0.8871
Santiniketan,4.1532,633,0.7735
Thalassery,4.152,125,0.9075
Kalyan,4.1515,264,0.8453
Valparai,4.1511,854,0.8938
Kondapalle,4.15,20,0.8751
Changanacherry,4.15,20,0.9333
Virar,4.1498,307,0.992
Amritsar,4.1489,16081,0.9902
Dibrugarh,4.1486,74,0.9463
Alandi,4.1481,27,0.8182
Mananthavady,4.1471,34,0.7836
Tiruchirappalli,4.1469,2933,0.8337
Porvorim,4.1457,199,0.9555
Patnitop,4.1448,670,0.8909
Keylong,4.1445,173,0.8261
Nagrota,4.1429,14,0.8644
Chelamattom part,4.1429,21,1.0623
Mahad,4.1429,28,0.8034
Hajo,4.1429,14,0.8644
Laitmawsiang,4.1429,35,0.8793
Tanuku,4.1429,7,0.378
Barabanki,4.1429,7,0.6901
Machavaram,4.1429,7,0.8997
Udumalpet,4.1429,14,0.7703
Nagaon,4.1429,56,0.7243
Bokakhat,4.1429,14,0.9493
Ankola,4.1429,7,0.6901
Namakkal,4.1416,233,0.8416
Lucknow,4.1407,6794,0.8892
Salangpur,4.1402,107,0.9948
Pelling,4.1398,2976,0.9037
Pulwama,4.1395,43,0.8333
Lachen,4.1395,43,0.8614
Bhagamandala,4.1395,588,0.8302
Leh,4.1392,16204,0.9184
Mussoorie,4.1375,8427,0.9617
Agartala,4.1374,866,0.8221
Guntur,4.1374,182,0.8526
Amaravathi,4.1364,22,0.8888
Achooranam,4.1364,44,0.7951
Palakollu,4.1364,22,0.8335
Somvarpet,4.1358,162,0.8229
Bhubaneswar,4.1346,6078,0.902
Karaikudi,4.1344,253,0.8578
Raghunathpur,4.1343,67,0.8146
Old Goa,4.1342,723,0.8437
Bajarwadi,4.1333,15,0.7432
Velsao,4.1333,15,0.8338
Gouradanda,4.1333,15,0.8338
Tuticorin,4.1333,90,0.8506
Una,4.1324,136,0.9011
Ranikhet,4.1324,884,0.8629
Gir National Park,4.1321,53,0.7605
Madikeri,4.1319,5369,0.8907
Idagunji,4.1316,76,0.9142
Fagu,4.1316,38,0.9911
Virpur,4.1316,76,0.8995
Tabo,4.1311,61,0.9215
Sohra,4.1299,3427,0.8774
Shillong,4.1298,5492,0.873
Osmanabad,4.129,31,0.8848
Majuli,4.1288,132,0.8685
Tezpur,4.1281,281,0.8771
Ozar,4.1279,86,0.8917
Vapi,4.1277,47,1.1348
Chitradurga,4.1272,464,0.8538
Bellary,4.1272,283,0.9176
Pachmarhi,4.127,2401,0.8752
Kanyakumari,4.1259,6897,0.8887
Mudumalai,4.125,16,0.7188
Khatkar Kalan,4.125,8,0.8345
Umaria,4.125,8,0.8345
Suryanelli,4.125,8,0.991
Ratibandar,4.125,8,0.8345
Subramanya,4.1242,491,0.8706
Konni,4.1233,73,1.1174
Manchanabele,4.1231,65,1.0681
Kanoi,4.1229,993,0.9306
Shoja,4.1228,57,0.8033
Kavaratti Island,4.1222,90,0.9924
Karnala,4.1221,131,0.8946
Theni,4.1205,365,0.9059
Chandor,4.1204,108,0.8936
Kheda,4.1203,158,0.8841
Tirupati,4.1197,5871,0.855
Kausani,4.1195,1213,0.851
Pithoragarh,4.119,42,0.9927
Tirunelveli,4.119,941,0.8707
Cooch Behar,4.1136,176,0.8271
Somnath,4.1133,2683,0.9158
Nelliyampathy,4.113,115,1.0154
Ramanathapuram,4.1127,71,0.8544
Krishnanagar,4.1111,45,0.8848
Mailani,4.1111,9,0.7817
Nandara Kalan,4.1111,9,0.3333
Banavasi,4.1111,18,0.7584
Ghatshila,4.1111,18,0.7584
Srikakulam,4.1111,99,0.781
Parbhani,4.1111,27,0.8916
Tarakeswar,4.1111,9,0.7817
Muvattupuzha,4.1111,27,0.7511
Vedaranyam,4.1111,9,0.928
Beed,4.1111,18,0.7584
Nalgonda,4.1105,172,0.9013
Faizabad,4.1102,127,0.9017
Ajanta,4.1101,2025,0.9161
Tiruvannamalai,4.1078,529,0.8471
Sirpur,4.1071,28,0.8751
Idukki,4.1059,85,0.9
Palolem,4.1055,237,0.7929
Pallivasal,4.1053,19,0.7375
Pali,4.1043,163,0.9598
Narnaul,4.1034,58,0.9857
Tura,4.1034,29,1.0805
Haridwar,4.1027,5757,0.8512
Bhiwani,4.102,49,0.9184
Brahmapur,4.1015,197,0.808
Raisen,4.1014,69,0.8427
Mirik,4.1011,188,0.9048
Purbasthali,4.1,10,1.1005
Sawantwadi,4.1,50,0.9091
Prantij,4.1,10,0.7379
Prem Nagar,4.1,10,1.1972
Karkala,4.1,210,0.8211
Faridabad,4.0985,599,0.91
Tonk,4.0976,41,0.9697
Trimbak,4.0974,1468,0.844
Anantnag,4.0969,289,0.8923
Barmer,4.0964,166,0.9292
Vizianagaram,4.0962,104,0.876
Yercaud,4.0959,3950,0.8935
Annavaram,4.0948,116,0.7799
Marayur,4.0946,74,0.9388
Sasaram,4.0946,74,0.8304
Triyuginarayan,4.0943,53,0.7143
Dwaraka Tirumala,4.0943,53,0.8149
Raichak,4.093,43,0.8399
Howrah,4.0926,713,0.9255
Balasore,4.0921,445,0.9315
Kollengode,4.0909,11,1.1362
Unnao,4.0909,11,0.7006
Sikandra,4.0909,22,0.8679
Dharamkot,4.0909,22,1.0193
Kuttanad,4.0909,33,0.9475
Pandharpur,4.0883,317,0.8335
Tiruchengode,4.0882,34,0.8658
Raigad,4.088,693,0.9089
Thirukkarugavur,4.0875,80,0.8297
Gudalur,4.0867,173,0.9012
Araku Valley,4.0866,231,0.8853
Churu,4.0857,70,1.032
Kumarakom,4.0854,1347,0.9094
Guwahati,4.0842,4896,0.8761
Kanchipuram,4.0838,1349,0.8481
Rewalsar,4.0833,12,0.9962
Kopargaon,4.0833,12,0.9962
Joginder Nagar,4.0833,12,0.9962
Kaza,4.0829,639,0.8348
Bandhavgarh National Park,4.0829,567,0.9296
Digha,4.0823,1081,0.9745
Candolim,4.0808,532,1.0283
Anjuna,4.0805,981,0.9005
McLeod Ganj,4.0803,6741,0.9532
Koynanagar,4.08,25,0.9967
North Andaman Island,4.08,200,0.9635
Fort Kochi,4.08,25,1.0376
Kas,4.0798,451,0.9275
Puri,4.0795,8105,0.9451
Ajmer,4.0787,2948,0.9374
Baripada,4.0779,77,0.7392
Swamimalai,4.0769,39,0.8074
Kovilpatti,4.0769,13,0.6405
Sahibganj,4.0741,27,0.8286
Roorkee,4.0741,81,0.7546
Dirang,4.0732,82,1.0515
Margao,4.0731,616,0.8627
Bharmour,4.0725,69,0.8798
Lakhpat,4.0725,69,0.8964
Mirzapur,4.072,250,0.8424
Pallickathodu,4.0714,70,0.906
Naldurg,4.0714,14,0.8287
Roing,4.0702,57,0.9423
Vizhinjam,4.0698,86,0.9304
Kuduremukha,4.0698,43,0.8279
Mayiladuthurai,4.069,29,0.8836
Amreli,4.0667,15,0.7988
Mahendragarh,4.0667,15,0.4577
Hogenakkal,4.0667,120,1.0186
Chitrakoot,4.0658,304,0.9059
Kurnool,4.0655,1068,0.8677
Dindigul,4.0652,399,0.9435
Nagercoil,4.0651,169,0.8175
Kumbakonam,4.0639,1644,0.8375
Kalady,4.0636,173,0.808
Munsiyari,4.0634,473,0.8184
Kanthalloor,4.0625,16,0.8539
Madduru,4.0625,16,0.8539
Mollem National Park,4.062,1209,0.9289
Bidar,4.0609,476,0.9282
Angamaly,4.0606,66,0.8205
Chendamangalam,4.06,50,0.8901
Srisailam,4.0595,740,0.8237
Rewa,4.0588,102,0.9421
Thuckalay,4.0586,597,0.8464
Morbi,4.0571,70,0.8321
Zuluk,4.0566,106,1.0126
Kammasandra,4.0556,126,0.8324
Karaikal,4.0547,128,0.9333
Kurukshetra,4.0546,623,0.9197
Ramnagaram,4.0545,55,0.8032
Dharmasthala,4.0545,330,0.8665
Malayattoor,4.0541,37,0.7798
Hooghly,4.0541,351,0.8783
Gulmarg,4.0532,4000,0.9694
Kottagudi,4.0529,624,0.9609
Nighoj,4.0526,19,0.8481
Mailam,4.0526,19,0.8481
Bantwal,4.0526,19,0.9703
Yana,4.0514,175,0.9114
Nababhat,4.05,20,0.8256
Sevagram,4.05,20,0.9987
South Andaman Island,4.0492,10054,0.9449
Burhanpur,4.049,102,0.8942
Pragpur,4.0488,41,0.8646
Pushkar,4.0488,4363,0.9098
Chikhaldara,4.0488,82,0.9926
Thiruvarur,4.0488,123,0.9396
Murud,4.0472,424,0.9084
Somwarpet,4.0471,85,0.8851
Tuljapur,4.0455,110,0.8608
Rajgir,4.0436,505,0.9749
Pattadakal,4.0426,376,0.8506
Agumbe,4.0423,213,0.8704
Kalpetta,4.0415,7837,0.9227
Pattikad,4.04,25,1.0198
Hazira,4.0394,127,1.1012
Hampi,4.0393,6950,0.9142
Ziro,4.0392,51,0.8237
Bankura,4.0391,230,0.9816
Bhagalpur,4.0385,104,0.8694
Nanjangud,4.0385,26,0.9992
Jhansi,4.0381,446,0.9438
Deoghar,4.0365,657,0.9066
Mandu,4.0359,1309,0.9242
Bastar,4.0357,56,0.8937
Parassinikadavu,4.0351,57,0.8444
Neral,4.0345,29,1.0171
Sakleshpur,4.0339,383,0.9796
Patna,4.0338,2928,0.9163
Haldwani,4.0338,148,0.8445
Golaghat,4.0333,30,0.9994
Sonmarg,4.0333,60,1.0079
Rekong Peo,4.0333,30,0.8503
Sawai Madhopur,4.0329,5411,0.9376
Alchi,4.0325,123,0.8772
Khajjiar,4.0312,64,0.959
Haveri,4.0303,33,0.684
Jageshwar,4.0303,66,0.8588
Loutolim,4.0301,166,0.8768
Courtallam,4.03,233,0.9257
Ujjain,4.0296,3513,0.8445
Draksharama,4.029,69,0.727
Mathura,4.0285,1792,0.9343
Balasinor,4.0278,36,0.9407
Junagadh,4.0277,2019,0.9153
Pathanamthitta,4.0276,362,0.9081
Deeg,4.0269,223,0.9488
Thekkady,4.026,6040,0.9579
Dakor,4.0256,39,0.8732
Nako,4.025,40,0.8317
Devikulam,4.0248,121,0.8608
Channarayapatna,4.024,208,0.8366
Samayapuram,4.0238,42,0.8111
Dwarka,4.0238,3484,0.8981
Patan,4.0222,90,0.8738
Amarkantak,4.0209,431,0.8336
Hassan,4.0206,874,0.9267
Gulbarga,4.0196,204,0.9414
Gadag,4.0196,51,0.7346
Gangotri,4.0192,261,0.8702
Tranquebar,4.0189,53,0.7719
Sriperumbudur,4.0185,54,0.9415
Alwar,4.0184,2941,1.0647
Chittaurgarh,4.0172,1919,0.9388
Saharanpur,4.0159,63,0.8326
Haldia,4.0152,66,0.8319
Gorumara National Park,4.0119,168,0.9155
Aurangabad,4.0096,6335,0.9003
Champaner,4.0084,239,0.9074
Kangra,4.0081,861,0.9578
Datia,4.0071,140,0.8773
Jwalamukhi,4.0063,315,0.8887
Fatehpur Sikri,4.0054,2394,0.9445
Tarapith,4.0051,195,0.8764
Daman,4.0045,2458,1.0309
Rivona,4.0,13,1.0801
Tarapur,4.0,7,0.8165
Ambalappuzha,4.0,1,
Talwandi Sabo,4.0,16,0.8165
Revdanda,4.0,3,1.0
Rishop,4.0,19,1.0541
Teghoria,4.0,1,
Stakna,4.0,1,
Sundargarh,4.0,11,0.8944
Yelandur,4.0,1,
Tanakpur,4.0,1,
Talyachi Wadi,4.0,2,0.0
Ambavli,4.0,33,0.9682
Aizawl,4.0,295,0.9404
Yadagirigutta,4.0,80,0.7956
Shantiniketan,4.0,2,1.4142
Tirupattur,4.0,1,
Tirur,4.0,34,0.8165
Shrirampur,4.0,2,0.0
Anjar,4.0,27,1.0
Todgarh,4.0,1,
Shirali,4.0,2,1.4142
Tuensang,4.0,1,
Ankleshwar,4.0,15,0.7559
Simhachalam,4.0,8,0.9258
Udayagiri,4.0,6,1.0954
Shahjahanpur,4.0,4,1.1547
Shahdol,4.0,4,1.1547
Sangolda,4.0,4,0.8165
Valmiki National Park,4.0,2,0.0
Aragonda,4.0,6,0.6325
Airari,4.0,1,
Aronda,4.0,26,0.8485
Tippi,4.0,1,
Thakur Nagar,4.0,2,0.0
Virje,4.0,5,1.4142
Washim,4.0,8,0.7559
Soraba,4.0,1,
Wankaner,4.0,1,
Wandoor,4.0,1,
Wahkhen,4.0,1,
Andanallur,4.0,1,
Thirthahalli,4.0,1,
Andhakaranazhy,4.0,1,
Vembar,4.0,1,
Andretta,4.0,8,0.7559
Villupuram,4.0,79,0.9199
Thiruparankundram,4.0,34,0.7785
Thiruputkuzhi,4.0,4,0.8165
Thiruthani,4.0,78,0.8218
Saiha,4.0,2,0.0
Tindivanam,4.0,1,
Thiruvarangam,4.0,6,0.8944
Chimre,4.0,1,
Rarang Khas,4.0,3,1.0
Balotra,4.0,2,0.0
Khichan,4.0,62,0.8298
Khed,4.0,5,0.7071
Nandyal,4.0,7,1.0
Bhusawal,4.0,3,1.0
Kharagpur,4.0,4,0.8165
Bikkavolu,4.0,2,0.0
Karsha,4.0,12,0.7385
Kantilo,4.0,8,1.069
Navadvipa,4.0,2,1.4142
Kannauj,4.0,6,1.2649
Baramulla,4.0,5,0.7071
Naya Raipur,4.0,2,0.0
Nazira,4.0,6,0.6325
Bolpur,4.0,151,0.8563
Jashpur,4.0,18,0.767
Oblaipalle,4.0,1,
Jaigaon,4.0,4,1.4142
Budhauli,4.0,5,0.7071
Ivrem-Buzruco,4.0,1,
Irikkur,4.0,1,
Palode,4.0,2,1.4142
Pandua,4.0,5,0.7071
Indapur,4.0,1,
Pariyej,4.0,13,0.9129
Hoovina Hadagalli Taluk,4.0,3,1.0
Kohri,4.0,3,0.0
Koilwar,4.0,2,0.0
Kolasib,4.0,1,
Mahadevapura,4.0,1,
Marthandam,4.0,24,1.0215
Menar,4.0,4,0.8165
Mappedu,4.0,1,
Mannady,4.0,1,
Mogra,4.0,1,
Manjakuppam,4.0,1,
Mangar,4.0,1,
Mangan,4.0,7,0.8165
Mamidada,4.0,2,0.0
Barrackpur,4.0,4,0.8165
Bhadravati,4.0,1,
Madugula,4.0,2,0.0
Bardoli,4.0,1,
Lawngtlai,4.0,5,0.7071
Lakhimpur,4.0,2,1.4142
Ladnun,4.0,2,1.4142
Kupup,4.0,2,0.0
Kumaon,4.0,3,1.0
Nagapattinam District,4.0,3,1.0
Nagar,4.0,2,0.0
Kulithalai,4.0,1,
Kufri,4.0,140,0.9056
Bhildi,4.0,7,0.5774
Kudli,4.0,1,
Hingolgadh Village,4.0,9,0.866
Jagraon,4.0,2,1.4142
Balgudar,4.0,4,1.1547
Dhankhar,4.0,34,0.8876
Ghagra,4.0,3,1.0
Garhwa,4.0,1,
Ganagapur,4.0,1,
Poompuhar,4.0,6,1.0954
Galajwari,4.0,1,
Pottankadu,4.0,1,
Ferozpur Jhirka,4.0,6,0.0
Proddatur,4.0,3,1.0
Etawah,4.0,2,0.0
East Khasi Hills District,4.0,1,
Dubrajpur,4.0,1,
Dongargarh,4.0,1,
Chatra,4.0,4,1.1547
Badgam,4.0,4,0.8165
Gorubathan,4.0,5,1.0
Raireshwar,4.0,2,0.0
Dandi,4.0,1,
Danapur,4.0,1,
Rajbalhat,4.0,1,
Rajgarh Gulahriya,4.0,1,
Chettikulam,4.0,1,
Rajmahal,4.0,3,1.0
Ramanagaram,4.0,1,
Chorwad,4.0,11,1.1832
Chorla,4.0,4,0.8165
Chittorgarh,4.0,1,
Chintamani,4.0,1,
Chinnamanur,4.0,3,1.0
Ghazipur,4.0,1,
Maynaguri,4.0,5,0.7071
Guna,4.0,18,0.9701
Pazhayannur,4.0,6,0.6325
Hajipur,4.0,3,0.0
Hanle,4.0,27,0.8321
Perumpuliyur,4.0,1,
Harigar,4.0,2,1.4142
Phagwara,4.0,18,1.0847
Haripur,4.0,7,1.1547
Peren,4.0,3,0.0
Harnai,4.0,13,1.0801
Naldehra,3.9966,296,0.9725
Mantralayam,3.9935,155,0.9081
Sulthan Bathery,3.9932,148,0.8997
Chanderi,3.9919,124,0.9836
Pavagadh,3.991,221,0.8842
Sanchi,3.9907,430,0.9752
Sonamarg,3.9903,518,1.049
Bakkhali,3.9901,202,0.9619
Jorhat,3.99,201,0.8831
Silchar,3.9886,88,1.0338
Vaishali,3.988,83,0.8337
Tiruppur,3.9871,155,0.8678
Mahbubnagar,3.9867,75,0.862
Jaisalmer,3.9864,13734,1.0319
Ambarnath,3.9841,63,1.1429
Parli Vaijnath,3.9817,109,0.8605
Bandipur,3.9815,974,0.9245
Guruvayur,3.9802,959,0.8673
Junnar,3.9783,230,0.9034
Tiruvallur,3.9783,46,0.7146
Pudukkottai,3.9745,157,0.9333
Morena,3.9744,78,0.837
Ayodhya,3.974,346,0.8249
Sidhpur,3.9714,35,0.9231
Doddaballapur,3.9697,33,0.918
Nilgiri,3.9667,60,1.073
Srikalahasti,3.9642,419,0.8674
Allahabad,3.9629,2263,0.9026
Kishangarh,3.9615,26,0.9992
Nalsarovar,3.9606,127,1.0266
Omkareshwar,3.9595,494,0.8319
Sravanabelagola,3.9583,72,0.895
Dholpur,3.9524,21,1.117
Udvada,3.9524,42,0.825
Vadnagar,3.9524,21,0.8047
Nagarjuna Sagar,3.9512,123,1.0701
Varanasi,3.9478,15641,0.9548
Ottapalam,3.9474,19,0.8481
Thirukadaiyur,3.9459,74,0.9493
Dabhoi,3.9459,37,0.9985
Thiruvalla,3.9452,146,0.8203
Sariska,3.9451,182,0.9618
Shravasti,3.9444,18,0.7254
Narasaraopet,3.9444,18,0.8726
Gandhidham,3.9444,36,1.145
Rameswaram,3.9425,6365,0.9567
Medak,3.9423,104,0.9433
Bhiwadi,3.9394,33,1.0289
Barog,3.9348,46,1.1235
Tambaram,3.9333,15,0.8837
Bannari,3.9333,15,0.7037
Mahasamund,3.931,29,0.8836
Firozpur,3.931,29,1.0327
Nathdwara,3.9262,826,1.0331
Kapurthala,3.9259,54,0.9684
Basti,3.9231,13,0.6405
Bagalkot,3.9216,51,0.7705
Bishnupur,3.9214,369,0.832
Badrinath,3.9192,903,0.8715
Pollachi Town,3.9171,193,1.0574
Janjgir,3.9167,12,0.793
Devprayag,3.9143,140,0.8773
Chandipur,3.9138,58,0.9603
Daulatabad,3.9132,553,0.9779
Tawang,3.9128,1674,1.0457
Verna,3.9123,57,0.9118
Bageshwar,3.9104,67,0.9492
Tikamgarh,3.9091,11,1.0445
Bhiwandi,3.9091,11,1.221
Madhubani,3.9091,11,1.0445
Gangolihat,3.9091,121,0.9399
North Paravur,3.9084,131,0.9153
Tumari,3.9032,31,0.7463
Veraval,3.9024,41,1.091
Akola,3.9,20,0.9679
Alampur,3.9,20,0.8522
Kesariya,3.9,10,0.7379
Diphu,3.9,10,1.1972
Chandrapur,3.9,110,0.9573
Pokhran,3.898,49,0.9409
Maharashtra,3.8947,95,0.9618
Belthangady,3.8947,38,1.0601
Baratang Island,3.8931,290,0.8144
Lonar,3.8929,168,0.8689
Mangalagiri,3.8929,28,0.956
Palani,3.8927,615,0.9693
Dumka,3.8919,37,0.994
Dimapur,3.8898,118,1.0922
Dhar,3.8889,27,0.8006
Sitapur,3.8889,27,0.698
Kanakapura,3.8889,171,0.9668
Dhubri,3.8889,9,1.0541
Kaikaluru,3.8889,9,1.0541
Bijapur,3.8877,1104,1.0247
Champawat,3.8846,52,0.9631
Sasan Gir,3.8833,480,0.8947
Phaltan,3.8824,17,0.8575
Kakkabe,3.881,420,1.0201
Dharmapuri,3.8798,549,1.1025
Kushinagar,3.8796,191,1.0111
Sirkazhi,3.8793,58,0.8182
Tharangambadi,3.8786,140,0.9404
Gadwal,3.875,40,0.7574
Idar,3.875,8,0.8345
Chengannur,3.875,16,1.0878
Namdapha National Park,3.875,8,0.991
Fatehgarh,3.875,8,0.8345
Farsaheya,3.875,8,1.126
Saligrama,3.875,8,0.6409
Cola,3.8704,54,0.9121
Thiruvidandai,3.8696,23,0.8689
Jambusar,3.8667,30,1.0417
Kamarpukur,3.8605,43,0.7426
Imphal,3.8573,1058,1.082
Chhatikara,3.8571,7,0.8997
Mokokchung,3.8571,14,0.7703
Mandore,3.8571,14,1.3506
Srirangapatna,3.8515,889,1.0561
Sangrur,3.85,20,0.8751
Mulbagal,3.85,20,0.6708
Muzaffarnagar,3.8462,26,0.8339
Hansi,3.8462,13,0.8006
Borsad,3.8462,26,1.2229
Vaduvanchal,3.8421,19,1.0145
Devipattinam,3.8421,19,0.7647
Ambikapur,3.8421,19,0.9582
Vidisha,3.8403,144,0.9287
Raichur,3.8393,56,0.848
Gopeshwar,3.8364,55,0.9577
Koppal,3.8333,42,0.8239
Molcornem,3.8333,6,0.7528
Bhabhua,3.8333,6,1.169
Govardhan,3.8333,6,1.169
Mukhla,3.8333,6,0.9832
Tuni,3.8333,6,0.9832
Kohima,3.8218,595,1.2193
Deogarh,3.8182,11,1.0787
Rudrapur,3.8182,22,1.097
Jubbal,3.8182,11,0.7508
Dhikuli,3.8182,11,0.9816
Sakti,3.8182,11,0.603
Bagru,3.8182,11,1.1677
Talakad,3.8158,114,0.7934
Jajpur,3.8136,59,1.0081
Nagapattinam,3.8131,305,1.0136
Birpara,3.8095,21,0.8729
Sonepur,3.8077,26,1.1321
Hanumangarh,3.8065,31,0.9458
Kedarnath,3.8044,450,1.0218
Jolaibari,3.8,10,0.9189
Deoria,3.8,5,0.8367
Pulicat,3.8,5,1.0954
Sherpe,3.8,5,0.8367
Palamaner,3.8,5,0.8367
Devanhalli,3.8,75,0.9726
Bhalki,3.8,10,0.6325
Latehar,3.8,10,1.2293
Pulinkunnu,3.8,5,0.8367
Rajmachi,3.8,5,0.8367
Pottenplave,3.8,5,0.4472
Sibsagar,3.7984,129,0.896
Sitamarhi,3.7959,49,0.7632
Murshidabad,3.792,923,0.9957
Nagore,3.7907,43,1.0592
Baba Bakala,3.7895,19,0.9763
Turtuk,3.7879,33,0.9604
Hunsur,3.7879,297,1.0161
Kodanad,3.7826,161,1.1051
Shingnapur,3.7805,451,0.9396
Gaya,3.7791,430,0.9704
Sancoale,3.7778,9,1.2019
Bhavani,3.7778,18,1.0603
Deshnoke,3.7755,441,1.0031
Sivaganga,3.775,40,0.9737
Pakur,3.7727,22,1.1519
Gingee,3.7692,78,0.9106
Ulhasnagar,3.7667,30,0.7279
Pithapuram,3.766,47,0.914
Doda,3.7647,17,0.8314
Sundarbans National Park,3.7634,131,0.9674
Kalna,3.7619,21,0.7684
Madhugiri,3.7612,67,0.8719
Punalur,3.76,25,0.8794
Vaitheeswarankovil,3.7568,74,1.0444
Gumla,3.75,4,0.5
Huzurnagar,3.75,4,0.9574
Faridkot,3.75,32,0.9158
Gyaraspur,3.75,4,0.9574
Kalsi,3.75,12,1.1382
Kamod,3.75,4,0.9574
Bijolia,3.75,4,0.5
Barasat,3.7419,31,1.0318
Bhalukpong,3.7368,19,0.9912
Sabarimala,3.7368,38,1.005
Sholinghur,3.7308,52,0.7172
Malda,3.7277,191,0.9996
Kaleshwaram,3.7143,7,0.9512
Cherthala,3.7097,31,1.1603
Kaladhungi,3.7081,185,0.9274
Hatgad,3.7049,61,0.972
Hingoli,3.7018,57,0.801
Cheyyar,3.7,10,0.6749
Kalpa,3.6986,73,1.2212
Sagar Island,3.6889,135,1.0255
Yamunotri,3.6826,167,0.8923
Nalanda,3.6817,289,1.0487
Digboi,3.6809,47,1.1629
Rai,3.6667,3,0.5774
Serchhip,3.6667,3,0.5774
Hosadurga,3.6667,3,1.1547
Sirhind,3.6667,6,1.0328
Koppa,3.6667,6,1.0328
Jakrem,3.6667,6,0.5164
Buxar,3.6667,12,1.4355
Chandragutti,3.6667,3,1.1547
Sharchi,3.6667,6,1.0328
Injole,3.6667,3,1.1547
Soron,3.6667,3,0.5774
Kuthar,3.6667,15,1.1127
Nandalur,3.6667,3,0.5774
Chintpurni,3.6667,3,0.5774
Dausa,3.6434,143,1.1032
Shey,3.625,8,0.9161
Nanguneri,3.625,8,1.0607
Mon,3.619,21,1.0713
Fazilka,3.6,5,0.8944
Madurantakam,3.6,5,0.8944
Oothukadu,3.6,5,0.5477
Churachandpur,3.6,5,1.1402
Muktsar,3.5862,29,1.2397
Thirukalukundram,3.5714,14,1.0163
Anaviratty,3.5664,143,1.0978
Vadakara,3.5455,11,0.8202
Garh Siliyara,3.5,2,0.7071
Acharapakkam,3.5,2,2.1213
Darima,3.5,6,0.5477
Villianur,3.5,2,0.7071
Remed,3.5,2,0.7071
Ahwa,3.5,2,0.7071
Meenangadi,3.5,2,0.7071
Kolaghat,3.5,4,0.5774
Anaimalai,3.5,2,0.7071
Sanghol,3.5,2,0.7071
Sanawad,3.5,8,1.5119
Barpeta,3.5,4,0.5774
Nimbahera,3.5,2,0.7071
Kadiri,3.5,6,1.0488
Simlipal National Park,3.5,6,1.6432
Blathykavala,3.5,2,0.7071
Pehowa,3.5,2,2.1213
Kelwa,3.5,2,2.1213
Caranzalem,3.5,14,1.4544
Naina Devi,3.5,2,0.7071
Guptkashi,3.5,10,1.0801
Marmagao,3.5,2,2.1213
Melmaruvathur,3.5,8,0.9258
Narlai,3.5,2,0.7071
Mecheri,3.5,2,0.7071
Panipat,3.4922,193,1.1597
Daltonganj,3.4286,7,1.1339
Chumathang,3.4167,12,1.3114
Yadgir,3.4,5,1.1402
Arakkonam,3.4,5,1.1402
Along,3.4,10,0.8433
Pazhayangadi,3.4,5,1.1402
Bainguinim,3.3611,36,0.99
Awantipora,3.3421,38,0.9087
Odagaon,3.3333,3,0.5774
Dhemaji,3.3333,6,0.5164
Mishrikh Neemsar,3.3333,3,1.1547
Dantewada,3.3333,6,1.3663
Rajauri,3.3333,3,1.5275
Bulandshahr,3.3333,3,1.1547
Anjanvel,3.3333,3,0.5774
Banda,3.3333,9,0.7071
Khuldabad,3.3125,16,0.8732
Farakka,3.3,10,0.9487
Champhai,3.3,10,1.3375
Salasi,3.25,4,1.2583
Kargil,3.2166,628,1.2795
Adimaly,3.1818,11,1.2505
Thanesar,3.1818,11,1.0787
Muthanga,3.1667,18,1.0432
Renuka Ji,3.1111,9,1.3642
Changlang,3.0385,26,1.4277
Yeola,3.0,1,
Devadhanapatti,3.0,1,
Manas National Park,3.0,1,
Ramdevra,3.0,1,
Robertsganj,3.0,2,0.0
Nadaun,3.0,3,1.7321
Contai,3.0,2,0.0
Simdega,3.0,1,
Wadapally,3.0,1,
Rampuriya Bujrg,3.0,1,
Tadepalligudem,3.0,2,0.0
Denkanikottai,3.0,3,1.0
Tadong,3.0,2,0.0
Katoya,3.0,2,0.0
Kailashahar,3.0,2,1.4142
Hanumanthapuram,3.0,2,0.0
Samana,3.0,1,
Burwa,3.0,1,
Jalasangvi,3.0,1,
Brahmadesam,3.0,1,
Jamui,3.0,1,
Borid,3.0,1,
Baneshwar,3.0,1,
Thiruvennainallur,3.0,1,
Thiruvedagam,3.0,1,
Kadayam,3.0,1,
Thiruvaiyaru,3.0,1,
Samaguri,3.0,1,
Neyveli,3.0,1,
Kangar Dharyar,3.0,1,
Senganur,3.0,1,
Radhakishorepur,3.0,1,
Athipotta,3.0,1,
Gudur,3.0,2,1.4142
Dhaulas,3.0,3,1.0
Khairabad,3.0,1,
Uttiramerur,3.0,2,0.0
Gubbi,3.0,2,0.0
Tamil Nadu,3.0,1,
Khonsa,2.5,2,0.7071
Taliparamba,2.5,2,0.7071
Bhagani,2.3333,3,0.5774
Haddo,2.0,1,
Godda,2.0,1,
Nala Sopara,2.0,1,
Phillaur,2.0,1,
Nagrasu,2.0,1,
Kiriburu,2.0,1,
Nambol,2.0,2,0.0
Chhachhrauli,1.6667,3,1.1547
