City,avg_polarity,avg_subjectivity,review_count,dominant_sentiment
Manali Tehsil,1.0,0.3,1,Positive
Habra,1.0,0.3,1,Positive
Banni,0.9,0.875,1,Positive
Umroli,0.875,0.525,1,Positive
Tuensang,0.85,1.0,1,Positive
Tattapani,0.8,1.0,1,Positive
Ezhome,0.7667,0.8167,1,Positive
Mainpuri,0.75,0.525,1,Positive
Kodagurki,0.725,0.475,1,Positive
Azamgarh,0.7146,0.6604,2,Positive
Ausa,0.7,0.6315,3,Positive
Mansa,0.6512,0.7198,6,Positive
Ugapur,0.65,0.8,1,Positive
Tanakpur,0.65,0.8,1,Positive
Maina,0.649,0.7792,4,Positive
Perupalem,0.6417,0.6833,1,Positive
Long Island,0.6264,0.6979,3,Positive
Vallabh Vidyanagar,0.625,0.65,1,Positive
Williamnagar,0.6167,1.0,1,Positive
Thoubal,0.6,0.9,1,Positive
Ghazipur,0.6,1.0,1,Positive
Narsapur,0.6,0.8312,2,Positive
Neelavara,0.6,0.7333,1,Positive
Sajan,0.5964,0.7214,1,Positive
Khetri,0.5944,0.7889,3,Positive
Lakkundi,0.5901,0.69,6,Positive
Salud Dugra,0.5889,0.7389,2,Positive
Haorang Sabal,0.5875,0.6625,1,Positive
Vijaynagar,0.5873,0.7509,1,Positive
Dahej,0.5861,0.715,5,Positive
Marigaon,0.5833,0.8333,1,Positive
Anakulam,0.5762,0.7887,4,Positive
Renukoot,0.5745,0.6718,11,Positive
Nimgaon,0.5722,0.6444,1,Positive
Astakatti,0.5708,0.4833,2,Positive
Nelamangala,0.5705,0.6858,2,Positive
Panamaram,0.5618,0.7507,6,Positive
Sadahalli,0.5583,0.5657,3,Positive
Khodala,0.5506,0.668,7,Positive
Chopta,0.5503,0.6427,9,Positive
Avakali,0.55,0.775,1,Positive
Shangarh,0.55,0.65,1,Positive
Jagadhri,0.55,0.8,1,Positive
Sunabeda,0.55,0.85,1,Positive
Dispur,0.5495,0.5778,13,Positive
Boisar,0.5472,0.6806,1,Positive
Shrirampur,0.5458,0.6139,2,Positive
Jamtara,0.5435,0.7472,3,Positive
Siuri,0.5417,0.8667,1,Positive
Kandla,0.5389,0.6862,3,Positive
Vanakbara,0.5369,0.6321,4,Positive
Etawah,0.5341,0.8011,2,Positive
Koriya,0.5319,0.7005,7,Positive
Halol,0.5306,0.6569,7,Positive
Sagar,0.53,0.5325,4,Positive
Manalur,0.5182,0.7438,1,Positive
Haflong,0.513,0.6714,9,Positive
Azhikode,0.5128,0.665,5,Positive
Venkannaguda,0.5111,0.8556,3,Positive
Chopdem,0.5105,0.6136,7,Positive
Tiptur,0.5104,0.9125,2,Positive
Sujangarh,0.5069,0.6072,5,Positive
Kohka,0.5052,0.6632,20,Positive
Chinsurah,0.5042,0.8542,2,Positive
Chinnakanal,0.5022,0.6452,38,Positive
Chandauli,0.5011,0.5917,40,Positive
Chapagaon,0.5,0.8,1,Positive
Begusarai,0.5,0.58,5,Positive
Nabarangpur,0.5,0.5125,1,Positive
Mehkar,0.4987,0.6543,1,Positive
Mandarthi,0.4966,0.6509,4,Positive
Bhinar,0.4958,0.525,3,Positive
Mahe,0.4943,0.7043,13,Positive
Deo,0.4938,0.6188,4,Positive
Balotra,0.4894,0.7424,2,Positive
Rajakkad,0.4894,0.5889,3,Positive
Achrol,0.4865,0.6463,34,Positive
Arki,0.4835,0.7905,7,Positive
Assagao,0.4833,0.6877,29,Positive
Paravoor,0.483,0.701,7,Positive
Songadh,0.4819,0.6757,5,Positive
Aluva,0.4803,0.6521,1454,Positive
Spangmik,0.4802,0.7174,16,Positive
Maradu,0.4777,0.7041,11,Positive
Valmiki National Park,0.475,0.3833,2,Positive
Turuvekere,0.475,0.7,1,Positive
Pozhuthana,0.4745,0.6359,27,Positive
Tanuku,0.4745,0.6672,7,Positive
Attingal,0.4743,0.5728,15,Positive
Tuni,0.4738,0.6952,6,Positive
Raiganj,0.4737,0.5939,25,Positive
Bassi,0.473,0.7224,9,Positive
Gwaldam,0.4729,0.6587,9,Positive
Nagoa,0.4723,0.6632,11,Positive
Shahdara Sharif,0.47,0.465,2,Positive
Unjha,0.4671,0.5965,11,Positive
Salawas,0.467,0.65,19,Positive
Barua Sagar,0.4667,0.6667,3,Positive
Janakpuri,0.4657,0.6027,13,Positive
Kanjirappally,0.4656,0.7585,8,Positive
Bicholim,0.4633,0.6783,4,Positive
Anaimalai,0.4625,0.6333,2,Positive
Thodupuzha,0.4616,0.5733,77,Positive
Parsada,0.4603,0.7505,10,Positive
Sarangarh,0.46,0.55,1,Positive
Nayagrh,0.4577,0.5917,3,Positive
Nandara Kalan,0.4573,0.6459,9,Positive
Guirdolim,0.4569,0.6924,7,Positive
Khargone,0.4567,0.7258,10,Positive
Barwani,0.4562,0.5208,4,Positive
Tenali,0.4543,0.7373,10,Positive
Simdega,0.454,0.6952,1,Positive
Chundale,0.4522,0.6358,120,Positive
Barddhaman,0.4501,0.6074,12,Positive
Perumpuliyur,0.45,1.0,1,Positive
Kaipadar,0.45,0.77,5,Positive
Vellinezhi,0.4495,0.5811,12,Positive
Bagru,0.4495,0.5267,11,Positive
Jariput,0.4492,0.6867,5,Positive
Padinjarathara,0.4488,0.6652,19,Positive
Jadupur,0.4476,0.7012,2,Positive
Galibeedu,0.4474,0.5349,2,Positive
Saundatti,0.4472,0.6558,11,Positive
Kakkanad,0.4464,0.58,19,Positive
Sanasar,0.4463,0.6773,3,Positive
Chamrajnagar,0.4458,0.6083,2,Positive
Garbeta,0.4442,0.6333,26,Positive
Upper Subansiri District,0.4438,0.7875,2,Positive
Horanadu,0.4431,0.637,85,Positive
Nileshwar,0.4431,0.6515,183,Positive
Vashisht,0.4417,0.5941,21,Positive
Patratu,0.4414,0.6197,24,Positive
Kattoor,0.441,0.6178,19,Positive
Chuntang,0.4406,0.7244,4,Positive
Nakinda,0.4405,0.7222,18,Positive
Kupwara,0.4384,0.5997,7,Positive
Rampachodavaram,0.4375,0.5558,4,Positive
Bidadi,0.436,0.6695,7,Positive
Itarsi,0.4355,0.659,8,Positive
Bagdogra,0.4335,0.5803,45,Positive
Falna,0.4333,0.4875,2,Positive
Kidanganad,0.4333,0.6667,1,Positive
Moradabad,0.4326,0.6163,84,Positive
Karad,0.4318,0.6328,20,Positive
Hiala,0.4312,0.6062,1,Positive
Rohtas,0.4311,0.64,3,Positive
Supin Range,0.4309,0.6313,10,Positive
Sonapur Pathar,0.4308,0.6402,4,Positive
Kothamangalam,0.43,0.603,127,Positive
Tala,0.4296,0.5969,34,Positive
Shahdol,0.4296,0.7083,4,Positive
Bambolim,0.4293,0.6212,188,Positive
Pernem,0.4291,0.6202,32,Positive
Singarayakonda,0.4288,0.7083,2,Positive
Saharsa,0.4275,0.7167,5,Positive
Mannarkkad,0.4263,0.6046,71,Positive
Rajpura,0.4262,0.6799,15,Positive
Jalore,0.4259,0.5829,51,Positive
Poicha,0.4254,0.6325,110,Positive
Nedumkandam,0.4252,0.6291,47,Positive
Pomburpa,0.4242,0.8083,5,Positive
Khalapur,0.4232,0.6397,3,Positive
Dabolim,0.4226,0.6348,551,Positive
Sanvordem,0.4222,0.5975,32,Positive
Kainakary,0.4205,0.7062,5,Positive
Etmadpur,0.4203,0.5391,8,Positive
Bilimora,0.4198,0.5915,25,Positive
Palode,0.4182,0.55,2,Positive
Rampur,0.4174,0.4488,9,Positive
Ambur,0.4174,0.6236,12,Positive
Nedumbassery,0.4174,0.5956,40,Positive
Tapovan,0.4167,0.6113,311,Positive
Thiksey,0.4155,0.6456,19,Positive
Parwanoo,0.4154,0.6315,8,Positive
Shravanabelagola,0.4125,0.6542,2,Positive
Yanam,0.412,0.6057,20,Positive
Geyzing,0.4111,0.5281,365,Positive
Akluj,0.411,0.6094,57,Positive
Keonjhar,0.4108,0.6289,110,Positive
Baran,0.4102,0.6124,7,Positive
Siddapura,0.409,0.577,41,Positive
Muttom,0.4088,0.6888,21,Positive
Harigar,0.4083,0.6167,2,Positive
Rajmahal,0.4083,0.3917,3,Positive
Ranakpur,0.4075,0.6158,187,Positive
Jetpur,0.406,0.5779,16,Positive
Gosaba,0.4047,0.5812,49,Positive
Danapur,0.4036,0.4071,1,Positive
Motihari,0.4034,0.7194,9,Positive
Banjar,0.4032,0.5736,25,Positive
Somnathpur,0.4028,0.6206,25,Positive
Bera,0.4026,0.6411,48,Positive
Mira Bhayandar,0.402,0.6128,27,Positive
Wankaner,0.4,0.8,1,Positive
Manjakuppam,0.4,0.4,1,Positive
Ivrem-Buzruco,0.4,0.4667,1,Positive
Kalyani,0.4,0.6778,3,Positive
Garoi,0.3996,0.5692,5,Positive
Koraput,0.3991,0.5734,57,Positive
Azheekal,0.3983,0.5665,14,Positive
Vagator,0.3982,0.6083,158,Positive
Barabanki,0.3982,0.5001,7,Positive
Egatoor,0.3973,0.6176,4,Positive
Anantapur,0.3968,0.5884,124,Positive
Toranmal,0.3967,0.5716,10,Positive
Murthal,0.3965,0.5666,17,Positive
Bahadurgarh,0.3962,0.5838,15,Positive
Ganeshgudi,0.395,0.6124,57,Positive
Phalodi,0.3948,0.6935,7,Positive
Pothamedu,0.3948,0.6091,370,Positive
Igatpuri,0.3944,0.6145,401,Positive
Beed,0.3942,0.6177,18,Positive
Dindori,0.394,0.5274,7,Positive
Rewalsar,0.394,0.658,12,Positive
Batala,0.3933,0.4867,5,Positive
Cheruthuruthi,0.3917,0.6625,2,Positive
Lataguri,0.3904,0.6406,17,Positive
Shoghi,0.3903,0.634,72,Positive
Pune District,0.3902,0.6097,17,Positive
Joginder Nagar,0.3902,0.6517,12,Positive
Karsog,0.3901,0.5842,6,Positive
Koppa,0.3897,0.6457,6,Positive
Mayiladuthurai,0.3892,0.5185,29,Positive
Aamby Valley City,0.3892,0.5505,17,Positive
Seoni,0.3891,0.646,10,Positive
Bhind,0.3889,0.6227,8,Positive
Amer,0.3887,0.6164,21055,Positive
Anchal,0.3887,0.5219,3,Positive
Khopoli,0.3879,0.6114,9655,Positive
Ratlam,0.3877,0.6146,110,Positive
Khandwa,0.3873,0.5885,35,Positive
Kamshet,0.3873,0.5731,252,Positive
Kaushambi,0.3871,0.5887,542,Positive
Machilipatnam,0.3867,0.5744,33,Positive
Pulpally,0.3865,0.7104,4,Positive
Kuttikkanam,0.3844,0.5446,32,Positive
Talegaon,0.3841,0.5636,57,Positive
Teda,0.3839,0.585,86,Positive
Pilani,0.3834,0.5856,56,Positive
Ranipet,0.3833,0.3333,3,Positive
Valsad,0.3831,0.6031,434,Positive
Madhubani,0.3829,0.6061,11,Positive
Taoru,0.3825,0.6012,352,Positive
Morjim,0.3824,0.5991,2107,Positive
Firozabad,0.3811,0.5682,17,Positive
Bhawanipatna,0.3808,0.6072,37,Positive
Sirsa,0.3806,0.5139,53,Positive
Qadian,0.3804,0.6058,6,Positive
Khordha,0.3798,0.6101,9,Positive
Verinag,0.3793,0.6652,16,Positive
Dhanbad,0.3792,0.5722,367,Positive
Rajnandgaon,0.3788,0.5915,25,Positive
Surat,0.3785,0.5614,3556,Positive
Amboli,0.3779,0.5962,93,Positive
Rohtak,0.3777,0.5915,164,Positive
Yamunanagar,0.3774,0.5844,31,Positive
Hardoi,0.3771,0.616,12,Positive
Paithalmala,0.3767,0.5884,78,Positive
Malbazar,0.3767,0.52,5,Positive
Palakollu,0.3765,0.5762,22,Positive
Shamlaji,0.3764,0.6158,46,Positive
Pantnagar,0.3763,0.5913,16,Positive
Bhilwara,0.3762,0.592,106,Positive
Rohru,0.376,0.6565,20,Positive
Phulbani,0.3759,0.5821,20,Positive
Chaibasa,0.3753,0.5406,16,Positive
Chittorgarh,0.375,0.375,1,Positive
Chaukori,0.375,0.5589,14,Positive
Baneshwar,0.375,0.375,1,Positive
Harihar,0.3748,0.5814,21,Positive
Kudrasthe,0.3747,0.6384,6,Positive
Pinjore,0.374,0.5879,285,Positive
Nagaur,0.3739,0.5734,124,Positive
Mashobra,0.3735,0.6245,65,Positive
Sanguem,0.3729,0.5982,272,Positive
Kathua,0.3726,0.6533,14,Positive
Rajapalayam,0.3725,0.625,6,Positive
Udala,0.3719,0.681,4,Positive
Sirohi,0.3719,0.597,191,Positive
Sunkadahalli,0.3715,0.5978,386,Positive
Byndoor,0.3713,0.6003,15,Positive
Vemulawada,0.3712,0.7692,6,Positive
Nizamabad,0.3707,0.6248,51,Positive
Sadri,0.3705,0.6132,2456,Positive
Purulia,0.3703,0.6075,291,Positive
Mangan,0.3703,0.6114,7,Positive
Nattarasankottai,0.3698,0.6397,7,Positive
Nameri National Park,0.3698,0.5613,43,Positive
Antarvedi,0.3692,0.6073,50,Positive
Nandurbar,0.3691,0.5735,15,Positive
Baghpat,0.369,0.6429,5,Positive
Sabalgarh,0.3688,0.6312,2,Positive
Neemuch,0.3687,0.5371,41,Positive
Dongargarh,0.3682,0.7,1,Positive
Anjarle,0.3676,0.6103,267,Positive
Khubi,0.3673,0.5912,84,Positive
Peermade,0.367,0.5934,126,Positive
Kumta,0.3668,0.5794,39,Positive
Vembar,0.3667,0.7,1,Positive
Ambasamudram,0.3667,0.55,2,Positive
Bardoli,0.3667,0.5667,1,Positive
Bataw,0.3667,0.5944,1,Positive
Delwara,0.3665,0.6239,7,Positive
Latur,0.3659,0.5853,50,Positive
Lonavala,0.3656,0.5917,8474,Positive
Bhandara,0.3653,0.5544,25,Positive
Athirappilly,0.3652,0.603,1040,Positive
Kalka,0.3646,0.5156,36,Positive
Muzaffarpur,0.3639,0.6136,107,Positive
Sinquerim,0.3636,0.5818,2233,Positive
Badlapur,0.3635,0.5928,29,Positive
Kotgarh,0.3634,0.5647,8,Positive
Chelamattom part,0.3634,0.5286,21,Positive
Nongpoh,0.3633,0.624,98,Positive
Suryanelli,0.363,0.4663,8,Positive
Nuh,0.3627,0.516,5,Positive
Jhunjhunu,0.3626,0.6,153,Positive
Ariyankuppam,0.3625,0.6875,2,Positive
Shahpura,0.3625,0.5196,2,Positive
Lalitpur,0.3619,0.5301,5,Positive
Nongstoin,0.3617,0.5841,14,Positive
Deesa,0.3615,0.5688,9,Positive
Kota,0.3613,0.5767,859,Positive
Vellamunda,0.3612,0.5982,38,Positive
Murdeshwar,0.3609,0.595,757,Positive
Mhaismal,0.3608,0.6188,18,Positive
Auli,0.3598,0.5934,133,Positive
Hinjewadi,0.3597,0.4982,20,Positive
Satpura National Park,0.3592,0.5971,55,Positive
Narendranagar,0.359,0.6236,41,Positive
Utorda,0.3589,0.5953,643,Positive
Bajaura,0.3585,0.5239,7,Positive
Buldana,0.3584,0.5355,109,Positive
Chicolna,0.3583,0.5667,3,Positive
Teghoria,0.3583,0.7226,1,Positive
Palia Kalan,0.3582,0.5694,9,Positive
Agonda,0.3579,0.5943,2385,Positive
Vattavada,0.3579,0.6186,30,Positive
Bareilly,0.3578,0.5283,185,Positive
Chikka Madhure,0.3577,0.6345,7,Positive
Cansaulim,0.3576,0.6058,548,Positive
Havelock Island,0.3574,0.556,7046,Positive
Ketkawale,0.3572,0.5871,40,Positive
Betul,0.3568,0.6205,22,Positive
Gorubathan,0.3567,0.6533,5,Positive
Sirmour,0.3566,0.5827,24,Positive
Gandhinagar,0.3566,0.5668,1180,Positive
Kottarakkara,0.3565,0.5866,20,Positive
Mandrem,0.3561,0.5958,876,Positive
Maihar,0.3561,0.5564,86,Positive
Jalandhar,0.3557,0.5362,978,Positive
Simhachalam,0.3556,0.5433,8,Positive
Nawalgarh,0.3554,0.5722,201,Positive
Ariyurnadu,0.3554,0.5574,47,Positive
Bhimavaram,0.3552,0.5787,68,Positive
Kanger Valley National Park,0.3551,0.5721,128,Positive
Davanagere,0.3551,0.5475,12,Positive
Anandpur Sahib,0.3549,0.5249,93,Positive
Barrackpur,0.3549,0.4354,4,Positive
Kundapur,0.3547,0.5927,197,Positive
Benaulim,0.3545,0.5877,1750,Positive
Davangere,0.3541,0.5653,47,Positive
Chapora,0.354,0.6101,948,Positive
Mohali,0.3536,0.5649,388,Positive
Poonch,0.3533,0.6234,11,Positive
Gudur,0.3531,0.5,2,Positive
Taradevi,0.353,0.5906,253,Positive
Kayavarohan,0.3528,0.5585,26,Positive
Pariyej,0.3528,0.5571,13,Positive
Lamayuru,0.3523,0.5998,274,Positive
Malappuram,0.3523,0.569,366,Positive
Baga,0.3518,0.5835,6589,Positive
Kanha National Park,0.3515,0.5762,41,Positive
Rajahmundry,0.3504,0.5841,485,Positive
Panchgani,0.3504,0.5797,2133,Positive
Chindi,0.35,0.7562,1,Positive
Ghatgan,0.3499,0.5919,30,Positive
Hisar,0.3498,0.5503,66,Positive
Dhenkanal,0.3498,0.6969,24,Positive
Dhamtari,0.3496,0.5709,48,Positive
Satna,0.3496,0.5182,23,Positive
Temi,0.3495,0.6197,116,Positive
Penha-de-Franca,0.3495,0.6499,24,Positive
Nelliyampathy,0.3493,0.5912,115,Positive
Ernakulam District,0.3492,0.6303,6,Positive
Kasol,0.3492,0.5221,5,Positive
Agra,0.3492,0.5953,39271,Positive
Kolad,0.349,0.5731,226,Positive
Tithal,0.3487,0.5972,7,Positive
Pali,0.3486,0.5819,163,Positive
Kalimpong,0.3485,0.5915,1721,Positive
Srinagar,0.3485,0.595,17225,Positive
Hoshangabad,0.3483,0.5662,34,Positive
Majorda,0.3482,0.5841,569,Positive
Uppalapadu,0.3479,0.5794,16,Positive
Chandigarh,0.3478,0.5864,9991,Positive
Vizianagaram,0.3478,0.5433,104,Positive
Narmada,0.3478,0.5817,319,Positive
Quepem,0.3478,0.584,67,Positive
Keori,0.3477,0.6546,9,Positive
Gholu Majra,0.3474,0.4835,6,Positive
Jamshedpur,0.3474,0.5584,1126,Positive
Someshwar,0.3473,0.597,139,Positive
Cavelossim,0.3473,0.5876,1958,Positive
Bardez,0.3473,0.5857,3478,Positive
Pokaran,0.3469,0.6123,9,Positive
Tarkarli,0.3468,0.5654,194,Positive
Hubli-Dharwad,0.3467,0.5575,719,Positive
Himmatnagar,0.3465,0.5912,77,Positive
Mandawa,0.3462,0.5466,26,Positive
Mapusa,0.346,0.5715,1528,Positive
Kotdwara,0.346,0.5889,54,Positive
Ujire,0.3457,0.5895,20,Positive
Pratapgarh,0.3456,0.5518,20,Positive
Kokrajhar,0.3455,0.5524,3,Positive
Khunti,0.3453,0.4846,12,Positive
Lava,0.345,0.6275,80,Positive
Vythiri,0.3448,0.5597,1235,Positive
Sasaram,0.3446,0.5424,74,Positive
Dona Paula,0.3444,0.5939,992,Positive
New Tehri,0.3443,0.5612,319,Positive
Fatorpa,0.3441,0.4999,10,Positive
Doda,0.3441,0.5524,17,Positive
Ponnampet,0.344,0.5698,42,Positive
Raipur,0.3439,0.5296,1582,Positive
Nashik,0.3439,0.5912,6596,Positive
Carambolim,0.3438,0.5057,8,Positive
Pahalgam,0.3436,0.5948,3882,Positive
Varca,0.3433,0.5769,1695,Positive
Mount Abu,0.3432,0.5801,6871,Positive
Manchanabele,0.3428,0.5693,65,Positive
Nargol,0.3425,0.6212,11,Positive
Modhera,0.3425,0.5624,383,Positive
Chitkul,0.3424,0.6461,70,Positive
Canacona,0.3424,0.5864,3159,Positive
Dehradun,0.3422,0.5744,1500,Positive
Mhow,0.3422,0.5674,57,Positive
Magadi,0.3422,0.5851,876,Positive
Mayapur,0.342,0.5298,121,Positive
Andretta,0.3419,0.5626,8,Positive
Osian,0.3417,0.5402,149,Positive
Banavasi,0.3417,0.5273,18,Positive
Koonthakulam,0.3415,0.5591,8,Positive
Greater Noida,0.3415,0.5738,568,Positive
Korba,0.341,0.4927,21,Positive
Jodhpur,0.3407,0.5638,15745,Positive
Carmona,0.3407,0.7648,3,Positive
Lavasa,0.3406,0.5918,310,Positive
Morni Hills,0.3405,0.6017,35,Positive
Nilambur,0.3404,0.5961,108,Positive
Beypore,0.3404,0.6347,5,Positive
Tumkur,0.3403,0.5817,342,Positive
Yupia,0.3403,0.536,12,Positive
Nawanshahr,0.3397,0.5863,15,Positive
Varkala Town,0.3397,0.5927,3254,Positive
Naukuchiatal,0.3396,0.5879,429,Positive
Gandikota,0.3396,0.6135,276,Positive
Manipal,0.3396,0.5587,457,Positive
Mangeshi,0.3395,0.553,30,Positive
Buxar,0.3395,0.4736,12,Positive
Vypin Island,0.3394,0.5604,1746,Positive
Sonda,0.3393,0.5441,33,Positive
Munnar,0.339,0.5809,11745,Positive
Anand,0.339,0.5587,287,Positive
Tasgaon,0.3389,0.6861,3,Positive
Kumily,0.3388,0.5249,775,Positive
Namsai,0.3387,0.5579,23,Positive
Deogarh,0.3386,0.5149,11,Positive
Mahuva,0.3383,0.5625,35,Positive
Ghaziabad,0.3382,0.5229,886,Positive
Bharuch,0.3381,0.5377,563,Positive
Naggar,0.3381,0.5584,1041,Positive
Vijayawada,0.338,0.5821,1684,Positive
Bhandardara,0.3378,0.6093,108,Positive
Kanipakam,0.3378,0.5497,83,Positive
Mukutmanipur,0.3378,0.5676,125,Positive
Noida,0.3376,0.5584,4849,Positive
Medicherlapalem,0.3376,0.5639,49,Positive
Serchhip,0.3375,0.6722,3,Positive
Chorla,0.3375,0.6167,4,Positive
Marmagao,0.3375,0.6,2,Positive
Kevadia,0.3374,0.5623,95,Positive
Rekong Peo,0.3374,0.5874,30,Positive
Kovalam,0.3373,0.5889,3914,Positive
Somvarpet,0.3368,0.5609,162,Positive
Adoni,0.3367,0.5796,5,Positive
Lachen,0.3361,0.6573,43,Positive
Kolagappara,0.3358,0.545,3,Positive
Bokaro Steel City,0.3358,0.5409,151,Positive
Mahabaleshwar,0.3355,0.5615,7779,Positive
Panshet,0.3353,0.5833,183,Positive
Chalakudy,0.3353,0.6014,248,Positive
Arambol,0.335,0.5915,1248,Positive
Visakhapatnam (Vizag),0.335,0.5683,9969,Positive
Bhatkal,0.3349,0.5942,84,Positive
Ramgarh,0.3349,0.5684,230,Positive
Rakchham,0.3346,0.5988,4,Positive
Nellore,0.3346,0.5482,314,Positive
Bhimtal,0.3345,0.571,936,Positive
Matheran,0.3344,0.5698,2326,Positive
Bathinda,0.3344,0.5459,340,Positive
Bekal,0.3344,0.5945,528,Positive
Udumalpet,0.3342,0.5269,14,Positive
Kadapa,0.3342,0.6252,46,Positive
Palakkad,0.3338,0.5565,1090,Positive
Jalna,0.3337,0.5145,12,Positive
Udaipur,0.3335,0.5698,30333,Positive
Gurugram (Gurgaon),0.3335,0.5546,11395,Positive
Rewari,0.3335,0.4961,78,Positive
Bhadrachalam,0.3335,0.5377,159,Positive
Thergaon,0.3334,0.5034,18,Positive
Nagapattinam District,0.3333,0.1,3,Positive
Sundarban,0.3333,0.5054,11,Positive
Betalbatim,0.3333,0.5809,342,Positive
Manas National Park,0.3333,0.675,1,Positive
Ramanagaram,0.3333,0.3833,1,Positive
Bhopal,0.3332,0.5451,5324,Positive
Nainital,0.333,0.5759,7961,Positive
Colva,0.3327,0.5753,1921,Positive
Shiroda,0.3327,0.6051,24,Positive
Ahmedabad,0.3326,0.5551,18732,Positive
Giridih,0.3325,0.5878,133,Positive
Churu,0.3324,0.5423,70,Positive
Kullu,0.3324,0.6058,1416,Positive
Moga,0.3323,0.5167,35,Positive
Kushalnagar,0.3322,0.5792,129,Positive
Gondia,0.3322,0.5455,255,Positive
Nanded,0.3319,0.5421,277,Positive
Sarahan,0.3318,0.5643,187,Positive
Badgam,0.3317,0.7473,4,Positive
Nuvem,0.3314,0.5523,195,Positive
Valpoi,0.3312,0.5694,40,Positive
Mukteshwar,0.3311,0.5703,1125,Positive
Kudal,0.331,0.5842,52,Positive
Belur,0.331,0.5557,1853,Positive
Gotagodi,0.331,0.4849,64,Positive
Karnal,0.3309,0.5302,183,Positive
Khandala,0.3307,0.5918,2212,Positive
Payyanur,0.3307,0.5522,9,Positive
Arpora,0.3306,0.5755,2273,Positive
Dholpur,0.3305,0.5609,21,Positive
Bharatpur,0.3305,0.557,2080,Positive
Rupnagar,0.3305,0.5598,250,Positive
Chirala,0.3302,0.5929,75,Positive
Ganpatipule,0.3302,0.5702,1820,Positive
Mararikulam,0.3301,0.586,1324,Positive
Valapad,0.33,0.76,1,Positive
Mumbai,0.33,0.5555,81483,Positive
Ayyampuzha,0.3299,0.5425,11,Positive
Malpe,0.3298,0.5623,557,Positive
Kodaikanal,0.3298,0.5755,11150,Positive
Bhitarkanika National Park,0.3298,0.5825,72,Positive
Salem,0.3297,0.5862,959,Positive
Vasco da Gama,0.3297,0.5571,576,Positive
Kawardha,0.3294,0.5735,76,Positive
Rajaji National Park,0.3293,0.5977,51,Positive
Jalgaon,0.3292,0.5519,176,Positive
Malvan,0.3292,0.5559,1404,Positive
Namchi,0.3291,0.5822,606,Positive
Halebid,0.3291,0.5769,785,Positive
Sagara,0.3289,0.5638,76,Positive
Sernabatim,0.3289,0.5431,37,Positive
Navi Mumbai,0.3288,0.5541,4057,Positive
Achooranam,0.3287,0.5359,44,Positive
Sri Ganganagar,0.3286,0.5345,61,Positive
Tezpur,0.3285,0.5783,281,Positive
Hyderabad,0.3285,0.5587,39622,Positive
Dharuhera,0.3284,0.5298,6,Positive
Bhagsu Nag,0.3284,0.5905,76,Positive
Thottada,0.3283,0.5788,171,Positive
Jagdalpur,0.3283,0.5604,351,Positive
Mysuru (Mysore),0.3282,0.5649,22741,Positive
Ankola,0.3282,0.6226,7,Positive
Joshimath,0.3282,0.5777,235,Positive
Hosur,0.3279,0.5571,152,Positive
Adilabad,0.3279,0.5857,242,Positive
Kasaragod,0.3277,0.5627,952,Positive
Karsha,0.3276,0.4845,12,Positive
Masinagudi,0.3275,0.6106,65,Positive
Singalila National Park,0.3275,0.5685,234,Positive
Kanpur,0.3274,0.538,1084,Positive
Shivpuri,0.3274,0.5957,158,Positive
Jabalpur,0.3274,0.5719,2409,Positive
Sohna,0.3273,0.5678,23,Positive
Kamavarapukota,0.3271,0.4097,6,Positive
Amalapuram,0.3271,0.6154,35,Positive
Ranchi,0.3268,0.5683,1577,Positive
Thamarassery,0.3267,0.5988,132,Positive
Mandi,0.3267,0.5755,625,Positive
Gajner,0.3267,0.5778,193,Positive
Wokha,0.3267,0.6129,18,Positive
Ukhrul,0.3266,0.5189,19,Positive
Dharchula,0.3263,0.4923,21,Positive
Vrindavan,0.3262,0.5763,2997,Positive
Tirumala,0.3262,0.5966,83,Positive
Rourkela,0.3261,0.5563,364,Positive
Hanle,0.326,0.5266,27,Positive
Solan,0.3258,0.5447,320,Positive
Bengaluru,0.3254,0.5549,54733,Positive
Durg,0.3253,0.5613,163,Positive
Maheshwar,0.3253,0.5383,534,Positive
Sikandra,0.3251,0.5726,22,Positive
Khurja,0.325,0.6185,3,Positive
Kannur,0.325,0.5621,2436,Positive
Prantij,0.3246,0.5557,10,Positive
Sattal,0.3244,0.5652,222,Positive
Idukki,0.3244,0.5784,85,Positive
Bargarh,0.3243,0.5417,24,Positive
Karjat Town,0.3242,0.6151,125,Positive
Rawatbhata,0.3241,0.5681,35,Positive
Barmer,0.3239,0.5684,166,Positive
Divar Island,0.3239,0.5941,23,Positive
Kannan Devan Hills,0.3238,0.589,315,Positive
Warangal,0.3237,0.5294,818,Positive
Saputara,0.3237,0.5613,1618,Positive
Jaipur,0.3235,0.5594,37717,Positive
Satara,0.3235,0.5659,1045,Positive
Hazaribagh,0.3234,0.563,100,Positive
Pulinkunnu,0.3233,0.69,5,Positive
Kumbhalgarh,0.3233,0.566,1899,Positive
Pasighat,0.3229,0.5185,10,Positive
Vadodara,0.3229,0.5365,5699,Positive
Bikaner,0.3225,0.547,2444,Positive
Mavelikara,0.3225,0.6228,43,Positive
Firozpur,0.3223,0.4988,29,Positive
Dahanu,0.3223,0.5976,169,Positive
Lepakshi,0.3223,0.5767,654,Positive
Kuravilangad,0.3222,0.6278,3,Positive
Bilaspur,0.3222,0.5282,406,Positive
Ashvem Beach,0.3221,0.5057,174,Positive
Mudumalai,0.3219,0.5833,16,Positive
Thrissur,0.3219,0.5599,2745,Positive
Katra,0.3217,0.5143,466,Positive
Virudachalam,0.3215,0.5551,4,Positive
Sehore,0.3215,0.5289,8,Positive
Laitmawsiang,0.3213,0.5277,35,Positive
Gondal,0.321,0.5585,96,Positive
Krishnanagar,0.3209,0.5075,45,Positive
Thane,0.3208,0.5577,2022,Positive
Yerragudi,0.3208,0.4625,1,Positive
Salogra,0.3208,0.7021,2,Positive
Kallar,0.3205,0.5217,28,Positive
Sancoale,0.3201,0.5535,9,Positive
Nanded-Waghala,0.32,0.4687,50,Positive
Ratnagiri,0.3198,0.5724,1350,Positive
Baripada,0.3197,0.5526,77,Positive
Secunderabad,0.3196,0.5519,340,Positive
Neil Island,0.3193,0.5606,1809,Positive
Meerut,0.3192,0.5134,419,Positive
Rajpipla,0.3191,0.5803,46,Positive
Belakavadi,0.3191,0.5728,682,Positive
Kotagiri,0.3189,0.5793,374,Positive
Belgaum,0.3185,0.5492,415,Positive
Thiruchendur,0.3184,0.5817,216,Positive
Labpur,0.3184,0.3399,4,Positive
Raikot,0.3183,0.5033,5,Positive
Chidambaram,0.3182,0.5732,656,Positive
Ooty,0.318,0.5826,16580,Positive
Ambaji,0.3179,0.5356,463,Positive
Thariyode,0.3178,0.5271,119,Positive
Haripurdhar,0.3177,0.6567,9,Positive
Calangute,0.3177,0.5729,3194,Positive
Sivakasi,0.3175,0.5485,31,Positive
Bangaram,0.3175,0.5592,101,Positive
Mangaldai,0.3175,0.5946,18,Positive
Rajmachi,0.3174,0.5456,5,Positive
Rewa,0.3172,0.5016,102,Positive
Dungarpur,0.3171,0.576,56,Positive
Dhali,0.317,0.4861,1,Positive
Dharamsala,0.3169,0.575,4758,Positive
Sirsi,0.3168,0.5555,372,Positive
Chhatarpur,0.3166,0.6038,307,Positive
New Delhi,0.3165,0.5504,96937,Positive
Hundur,0.3164,0.5945,24,Positive
Rajkot,0.3163,0.515,1614,Positive
Jowai,0.3162,0.5658,232,Positive
Kottayam,0.3159,0.5571,1124,Positive
Sarzora,0.3158,0.5217,5,Positive
Sonipat,0.3157,0.5549,156,Positive
Saswad,0.3153,0.5836,9,Positive
Orchha,0.3153,0.5538,1846,Positive
Mananthavady,0.3153,0.5519,34,Positive
Kollam,0.3152,0.5727,1230,Positive
Kadi,0.3151,0.5362,47,Positive
Hoshiarpur,0.315,0.557,21,Positive
Honnavar,0.3148,0.5593,95,Positive
Abhaneri,0.3145,0.5672,867,Positive
Thriprayar,0.3145,0.5602,88,Positive
Kayamkulam,0.3143,0.5329,29,Positive
Tripunithura,0.3142,0.518,61,Positive
Chikkaballapur,0.3139,0.5672,1294,Positive
Vagamon,0.3137,0.5815,712,Positive
Mangalore,0.3136,0.5539,4352,Positive
Dhule,0.3136,0.4924,7,Positive
Netarhat,0.3135,0.6055,44,Positive
Morbi,0.3134,0.5088,70,Positive
Angul,0.3132,0.5657,52,Positive
Dudhwa National Park,0.313,0.5454,25,Positive
Diu,0.3128,0.5538,3144,Positive
Guna,0.3128,0.5721,18,Positive
Mirik,0.3126,0.5797,188,Positive
Dhanaulti,0.3126,0.5641,653,Positive
Khajuraho,0.3124,0.5499,3140,Positive
Sikar,0.3123,0.5523,297,Positive
Bapatla,0.3123,0.5869,132,Positive
Mettupalayam,0.3121,0.4782,17,Positive
Mahabalipuram,0.3121,0.5664,7489,Positive
Covelong,0.312,0.5519,159,Positive
Kanker,0.312,0.56,17,Positive
Gudalur,0.3119,0.5937,173,Positive
Ongole,0.3119,0.5348,27,Positive
Ludhiana,0.3116,0.5031,650,Positive
Nurpur,0.3115,0.4073,4,Positive
Hajipur,0.3112,0.5339,3,Positive
Cuttack,0.311,0.5178,475,Positive
Silvassa,0.311,0.5627,1318,Positive
Shimoga,0.311,0.5541,2164,Positive
Ramtek,0.3109,0.5762,30,Positive
Ramnagar,0.3108,0.5406,482,Positive
Khurda,0.3108,0.5649,101,Positive
Zirakpur,0.3105,0.5161,128,Positive
Roorkee,0.3105,0.4814,81,Positive
Banswara,0.3104,0.5475,102,Positive
Pithoragarh,0.3103,0.5465,42,Positive
Chorwad,0.3102,0.6222,11,Positive
Palanpur,0.3101,0.5305,71,Positive
Mandarmani,0.3101,0.5798,843,Positive
Pazhayangadi,0.31,0.55,5,Positive
Perumbavoor,0.3099,0.5006,36,Positive
Malgund,0.3099,0.5668,82,Positive
Pune,0.3098,0.5426,22907,Positive
Coonoor,0.3098,0.5812,3126,Positive
Sandur,0.3098,0.579,12,Positive
Kalol,0.3097,0.5598,100,Positive
Karimnagar,0.3097,0.5823,72,Positive
Bundi,0.3093,0.5755,1284,Positive
Manali,0.3092,0.5775,15369,Positive
Gangtok,0.3091,0.5724,16427,Positive
Pauri,0.3089,0.582,79,Positive
Loleygaon,0.3089,0.569,69,Positive
Adoor,0.3089,0.5698,7,Positive
Rishikesh,0.3085,0.559,6674,Positive
Jaunpur,0.3085,0.5803,124,Positive
Nagercoil,0.3085,0.5281,169,Positive
Garhwal,0.3083,0.5509,47,Positive
Bhimashankar,0.3081,0.5384,819,Positive
Kamargaon,0.3081,0.5635,22,Positive
Paliyem,0.308,0.5577,20,Positive
Hemis,0.3079,0.5388,234,Positive
Thirunageswaram,0.3077,0.5269,219,Positive
Pathankot,0.3077,0.5538,120,Positive
Ajanta,0.3076,0.5713,2025,Positive
Udupi,0.3075,0.5703,1858,Positive
Kovilpatti,0.3075,0.4923,13,Positive
Kapurthala,0.3074,0.5791,54,Positive
Sangla,0.3074,0.5867,756,Positive
Sambalpur,0.3074,0.5457,423,Positive
Tonk,0.3072,0.6129,41,Positive
Panchkula,0.3072,0.5575,877,Positive
Sullia,0.3072,0.5392,12,Positive
Chinchoti,0.3071,0.5711,47,Positive
Kollengode,0.3071,0.3122,11,Positive
Tenkasi,0.307,0.594,113,Positive
Jalpaiguri,0.3069,0.5497,391,Positive
Mandya,0.3067,0.5655,721,Positive
Khammam,0.3067,0.5836,52,Positive
Shirgaon,0.3067,0.4857,64,Positive
Ranthambore National Park,0.3067,0.5484,545,Positive
Shimla,0.3066,0.5577,14757,Positive
Jamnagar,0.3063,0.5394,1259,Positive
Guhagar,0.3063,0.5486,188,Positive
Tajganj,0.3062,0.501,4,Positive
Purbasthali,0.3062,0.4898,10,Positive
Gwalior,0.3061,0.5452,2744,Positive
Paradeep,0.306,0.5579,53,Positive
Vihigaon,0.3059,0.5439,79,Positive
Coimbatore,0.3055,0.5447,5544,Positive
Thalassery,0.3052,0.5254,125,Positive
Karauli,0.3052,0.5584,164,Positive
Aligarh,0.3051,0.5175,150,Positive
Kottagudi,0.3051,0.5912,624,Positive
Panjim,0.305,0.5456,7114,Positive
Goa Velha,0.3048,0.5014,3247,Positive
Jharsuguda,0.3046,0.5534,20,Positive
Belluru,0.3046,0.5863,49,Positive
Guntur,0.3046,0.52,182,Positive
Poompuhar,0.3045,0.5344,6,Positive
Madurai,0.3041,0.551,6406,Positive
Gokak,0.3041,0.6014,35,Positive
Bellary,0.3041,0.5223,283,Positive
Pimpri-Chinchwad,0.304,0.5324,222,Positive
Chamarajanagar,0.3039,0.5515,174,Positive
Bhagamandala,0.3038,0.5548,588,Positive
Chittoor,0.3038,0.5602,450,Positive
Bhuvanagiri,0.3037,0.5469,47,Positive
Bhuntar,0.3034,0.4182,22,Positive
Hospet,0.3034,0.5329,589,Positive
Kanyakumari,0.3033,0.5592,6897,Positive
Lansdowne,0.3032,0.5566,2563,Positive
Great Nicobar Island,0.3032,0.6134,11,Positive
Karur,0.3032,0.5327,96,Positive
Sringeri,0.3031,0.5641,340,Positive
Kaziranga National Park,0.3031,0.5263,271,Positive
Valparai,0.303,0.5558,854,Positive
Paonta Sahib,0.3029,0.5475,89,Positive
Vandiperiyar,0.3028,0.5303,61,Positive
Konark,0.3028,0.5602,496,Positive
Mannargudi,0.3028,0.6302,28,Positive
Karwar,0.3027,0.5601,891,Positive
Tinsukia,0.3027,0.5334,154,Positive
Trivandrum,0.3026,0.552,11179,Positive
Talacauvery,0.3026,0.5621,220,Positive
Bomdila,0.3025,0.5416,212,Positive
Netravali,0.3023,0.6193,49,Positive
Bhavnagar,0.3023,0.5445,690,Positive
Lucknow,0.3022,0.5263,6794,Positive
Chengalpattu,0.3021,0.4951,30,Positive
Phaltan,0.3021,0.4187,17,Positive
Kalasa,0.3021,0.5002,44,Positive
Chikhaldara,0.302,0.5325,82,Positive
Baijnath,0.3019,0.539,141,Positive
Dehgam,0.3018,0.563,34,Positive
Aronda,0.3018,0.5724,26,Positive
Bhagalpur,0.3017,0.5744,104,Positive
Kasauli,0.3015,0.5516,1755,Positive
Sultanpur,0.3015,0.5241,22,Positive
Solapur,0.3013,0.5433,482,Positive
Badami,0.3011,0.5596,1192,Positive
Vasai,0.3011,0.5665,174,Positive
Kashid,0.301,0.5506,752,Positive
Tiruchendur,0.3009,0.5539,157,Positive
Gopalpur On Sea,0.3009,0.5078,45,Positive
Alappuzha,0.3008,0.5791,4352,Positive
Thiruputkuzhi,0.3007,0.5792,4,Positive
Cuncolim,0.3006,0.5133,43,Positive
Aritar,0.3004,0.5731,158,Positive
Katni,0.3004,0.5233,71,Positive
Thiruvarangam,0.3,0.5625,6,Positive
Contai,0.3,0.6125,2,Positive
Neyveli,0.3,0.5,1,Positive
Borid,0.3,0.7,1,Positive
Thakur Nagar,0.3,0.55,2,Positive
Vijayapura,0.3,0.75,2,Positive
Ghanerao,0.3,0.35,1,Positive
Jaisalmer,0.3,0.5541,13734,Positive
Velneshwar,0.2999,0.563,59,Positive
Jeypore,0.2999,0.5504,57,Positive
Siliguri,0.2998,0.5363,789,Positive
Mormugao,0.2997,0.5279,220,Positive
Piramadam,0.2997,0.6158,9,Positive
Leh,0.2997,0.5691,16204,Positive
Sahibabad,0.2996,0.4771,73,Positive
Dumka,0.2996,0.554,37,Positive
Yellapur,0.2995,0.5485,127,Positive
Madikeri,0.2995,0.5537,5369,Positive
Thattekad,0.2995,0.5538,139,Positive
Jhajjar,0.2994,0.5767,96,Positive
Gorakhpur,0.299,0.5297,396,Positive
Bastar,0.2989,0.54,56,Positive
Amravati,0.2988,0.5168,240,Positive
Vaduvanchal,0.2987,0.5444,19,Positive
Chhindwara,0.2986,0.5474,60,Positive
Srikakulam,0.2985,0.5406,99,Positive
Bandhavgarh National Park,0.2983,0.5768,567,Positive
Navsari,0.2982,0.5528,133,Positive
Nagarhole National Park,0.2982,0.5927,206,Positive
Darjeeling,0.2981,0.5566,13982,Positive
Siddapur,0.2981,0.5415,26,Positive
Raisen,0.298,0.5112,69,Positive
Surendranagar,0.298,0.5614,100,Positive
Haroa,0.2979,0.5546,11,Positive
Kasarkod,0.2979,0.5727,9,Positive
Pondicherry,0.2978,0.5432,12271,Positive
Dharapuram,0.2976,0.4523,5,Positive
Mawphlang,0.2975,0.5407,60,Positive
Pallivasal,0.2975,0.5244,19,Positive
Chikmagalur,0.2973,0.5942,4104,Positive
Diveagar,0.2971,0.5621,573,Positive
Balasore,0.2971,0.5894,445,Positive
Mirzapur,0.297,0.5269,250,Positive
Indore,0.2969,0.5409,5451,Positive
Ottapalam,0.2969,0.6273,19,Positive
Saligao,0.2969,0.557,169,Positive
Kodungallur,0.2968,0.5048,122,Positive
Chhatikara,0.2966,0.571,7,Positive
Kanoi,0.2965,0.5555,993,Positive
Erode,0.2965,0.5483,202,Positive
Balangir,0.2962,0.4589,7,Positive
Dandeli,0.2961,0.5685,642,Positive
Tijara,0.2961,0.5775,48,Positive
Jhalawar,0.2961,0.5718,74,Positive
Jambughoda,0.2959,0.4767,34,Positive
Shegaon,0.2959,0.5274,116,Positive
Mandla,0.2958,0.5705,584,Positive
Bogmalo,0.2957,0.5526,241,Positive
Nawada,0.2956,0.6576,11,Positive
Lachung,0.2955,0.6017,1453,Positive
Mandvi,0.2955,0.5686,602,Positive
Kalyan,0.2954,0.4959,264,Positive
Kakinada,0.2952,0.5487,242,Positive
Kolkata,0.2952,0.5346,30283,Positive
Nadia,0.2951,0.512,149,Positive
Dapoli,0.2951,0.5641,784,Positive
Champaner,0.295,0.5173,239,Positive
Una,0.2949,0.5264,136,Positive
Kurseong,0.2947,0.58,157,Positive
Virar,0.2946,0.5435,307,Positive
Munsiyari,0.2944,0.5576,473,Positive
Shahapur,0.2942,0.5553,25,Positive
Srisailam,0.2942,0.5238,740,Positive
Pavagadh,0.2942,0.524,221,Positive
Vikarabad,0.2941,0.5242,156,Positive
Redi,0.2941,0.6171,18,Positive
Kulasekharam,0.2938,0.7125,1,Positive
Shrivardhan,0.2938,0.5564,481,Positive
Kolhapur,0.2938,0.5357,2836,Positive
Itanagar,0.2937,0.5609,168,Positive
Nagpur,0.2937,0.5326,2926,Positive
Mahbubnagar,0.2936,0.5387,75,Positive
Ramanagara,0.2936,0.5559,118,Positive
Udhampur,0.2933,0.5206,82,Positive
Sangli,0.2929,0.5199,243,Positive
Kutch,0.2929,0.5361,1240,Positive
Kuduremukha,0.2926,0.4587,43,Positive
Salangpur,0.2926,0.5558,107,Positive
Pratappur,0.2926,0.5074,10,Positive
Jim Corbett National Park,0.2924,0.5568,1692,Positive
Kashipur,0.2924,0.5288,12,Positive
Kozhikode,0.2924,0.5544,2219,Positive
Bahraich,0.2921,0.5685,21,Positive
Chiplun,0.292,0.5463,123,Positive
Moodabidri,0.2918,0.5142,53,Positive
Chandannagar,0.2918,0.4811,101,Positive
Pehowa,0.2917,0.8667,2,Positive
Durgapur,0.2916,0.4897,463,Positive
Nalgonda,0.2914,0.5151,172,Positive
Chitradurga,0.2913,0.5641,464,Positive
Kanhangad,0.2911,0.5363,24,Positive
Mandsaur,0.2911,0.5613,43,Positive
Patiala,0.2911,0.4969,635,Positive
Bhubaneswar,0.2911,0.5334,6078,Positive
Shekhawati,0.2906,0.6046,26,Positive
Sonmarg,0.2906,0.6125,60,Positive
Somnath,0.2905,0.5339,2683,Positive
Kuchaman,0.2905,0.545,42,Positive
Brahmapur,0.2904,0.5313,197,Positive
Rajsamand,0.2904,0.6097,80,Positive
Old Goa,0.2901,0.5056,723,Positive
Diskit,0.2901,0.5755,116,Positive
Hamirpur,0.29,0.5732,15,Positive
Pulwama,0.2898,0.5221,43,Positive
Nagar,0.2896,0.4417,2,Positive
Thanjavur,0.2896,0.5423,2667,Positive
Channarayapatna,0.2894,0.5729,208,Positive
Ernakulam,0.2893,0.5475,1506,Positive
Panna,0.2892,0.5412,109,Positive
Bhadrak,0.2891,0.4645,49,Positive
Bhuj,0.289,0.5193,3278,Positive
Vellore,0.2888,0.5415,1455,Positive
Agartala,0.2887,0.5429,866,Positive
Patnitop,0.2886,0.5615,670,Positive
Krishnagiri,0.2886,0.559,89,Positive
Salasar,0.2885,0.5503,267,Positive
Bhojpur,0.2884,0.5846,144,Positive
Bandipur National Park,0.2884,0.5916,70,Positive
Sinnar,0.2883,0.6034,81,Positive
Jammu City,0.2881,0.5382,3140,Positive
Chittaurgarh,0.2881,0.5381,1919,Positive
Dalhousie,0.2879,0.5596,3090,Positive
Chail,0.2879,0.5585,1126,Positive
Kavaratti Island,0.2877,0.5384,90,Positive
Dindigul,0.2876,0.5634,399,Positive
Ravangla,0.2875,0.5726,325,Positive
Bandoli,0.2875,0.526,9,Positive
Gulmarg,0.2874,0.5455,4000,Positive
Bir,0.2874,0.5658,48,Positive
Mudigere,0.2873,0.5594,36,Positive
Haridwar,0.2867,0.5361,5757,Positive
Panvel,0.2865,0.5511,214,Positive
Fagu,0.2864,0.5384,38,Positive
Samastipur,0.2863,0.5367,17,Positive
Marayur,0.2862,0.5292,74,Positive
Rudra Prayag,0.2861,0.5779,258,Positive
Sharchi,0.2861,0.5,6,Positive
Lunglei,0.286,0.5658,5,Positive
Akola,0.2858,0.4996,20,Positive
Bhiwadi,0.2857,0.5509,33,Positive
Dabguli,0.2857,0.5586,470,Positive
Santiniketan,0.2856,0.5338,633,Positive
Rivona,0.2854,0.5573,13,Positive
Pelling,0.2854,0.541,2976,Positive
Medak,0.2852,0.5489,104,Positive
Jhansi,0.2851,0.5145,446,Positive
Cuddalore,0.2851,0.5416,171,Positive
Cumbum,0.285,0.5596,5,Positive
Vikramgadh,0.2849,0.5257,4,Positive
Mahendragarh,0.2848,0.4629,15,Positive
Erimayur-II,0.2847,0.4697,4,Positive
Cooch Behar,0.2844,0.5296,176,Positive
Haldwani,0.2844,0.5422,148,Positive
Kaleshwaram,0.2842,0.6466,7,Positive
Annavaram,0.2841,0.5487,116,Positive
Shankheshwar,0.284,0.5964,4,Positive
Ramanathapuram,0.2839,0.4742,71,Positive
Raghunathpur,0.2839,0.6039,67,Positive
Mangalagiri,0.2839,0.5322,28,Positive
Yavatmal,0.2838,0.5334,34,Positive
Vajreshwari,0.2838,0.5686,107,Positive
Vadnagar,0.2838,0.4653,21,Positive
Sitarganj,0.2837,0.5702,12,Positive
Osmanabad,0.2836,0.4623,31,Positive
Fatehpur,0.2835,0.5028,43,Positive
Chennai,0.2835,0.5379,24595,Positive
Sainthia,0.2833,0.6333,1,Positive
Narkanda,0.283,0.5956,513,Positive
North Andaman Island,0.283,0.5498,200,Positive
Porbandar,0.2829,0.5226,779,Positive
Gopalpur,0.2825,0.5356,29,Positive
Kemmannagundi,0.2825,0.5306,11,Positive
Amaravathi,0.2822,0.5151,22,Positive
Sangameshwar,0.282,0.5401,78,Positive
Ulhasnagar,0.2817,0.5386,30,Positive
Kargil,0.2817,0.5661,628,Positive
Midnapore,0.2816,0.5463,624,Positive
Alibaug,0.2816,0.5633,1911,Positive
Tirunelveli,0.2814,0.5281,941,Positive
Hastinapur,0.2814,0.5246,32,Positive
Nahan,0.2812,0.5042,240,Positive
Shillong,0.2812,0.5455,5492,Positive
Basti,0.2812,0.477,13,Positive
Kollur,0.281,0.5207,557,Positive
Machavaram,0.281,0.5304,7,Positive
Gandhidham,0.281,0.582,36,Positive
Yuksom,0.2808,0.5285,212,Positive
Mahul Pali,0.2806,0.5442,5,Positive
Sanchi,0.2803,0.5149,430,Positive
Gokarna,0.2803,0.5563,2554,Positive
Kohima,0.2802,0.5369,595,Positive
Kumbakonam,0.2801,0.5256,1644,Positive
Bhiwani,0.2797,0.4927,49,Positive
Srivilliputhur,0.2796,0.5505,138,Positive
Tawang,0.2796,0.5732,1674,Positive
Margao,0.2796,0.5214,616,Positive
Haveri,0.2795,0.5494,33,Positive
Yercaud,0.2794,0.5619,3950,Positive
Pazhayannur,0.2792,0.5764,6,Positive
Khanvel,0.279,0.5234,9,Positive
Chakrata,0.279,0.5715,147,Positive
Alwar,0.2789,0.5652,2941,Positive
Faizabad,0.2789,0.5349,127,Positive
Tadipatri,0.2786,0.5043,19,Positive
Nanjangud,0.2785,0.5894,26,Positive
Hanumangarh,0.2785,0.456,31,Positive
Hassan,0.2782,0.5357,874,Positive
Mulki,0.2782,0.4874,18,Positive
Mussoorie,0.278,0.5699,8427,Positive
Bordi,0.2779,0.5759,156,Positive
Porvorim,0.2778,0.5096,199,Positive
Pachmarhi,0.2777,0.5534,2401,Positive
Sravanabelagola,0.2776,0.5355,72,Positive
Nandalur,0.2775,0.4781,3,Positive
Tiruchirappalli,0.2772,0.5475,2933,Positive
Kolar,0.2772,0.5598,474,Positive
Dhar,0.2771,0.4954,27,Positive
Asansol,0.2771,0.5044,244,Positive
Bodh Gaya,0.277,0.5411,2262,Positive
Alandi,0.2769,0.5299,27,Positive
Karaikudi,0.2769,0.5703,253,Positive
Rohet,0.2766,0.3933,74,Positive
Parli Vaijnath,0.2765,0.5328,109,Positive
Muttukadu,0.2765,0.5214,495,Positive
Khajjiar,0.2765,0.4931,64,Positive
Ahmednagar,0.2764,0.5504,626,Positive
Eluru,0.2764,0.5115,10,Positive
Kunkeshwar,0.2763,0.537,91,Positive
Aversa,0.2763,0.4348,4,Positive
Ranikhet,0.2762,0.5445,884,Positive
Keylong,0.2762,0.6172,173,Positive
Jawhar,0.276,0.5635,73,Positive
Nadiad,0.2757,0.5055,106,Positive
Tirupati,0.2756,0.5306,5871,Positive
Ponda,0.2755,0.5618,1341,Positive
Nakhatrana,0.2753,0.3837,8,Positive
Madugula,0.275,0.475,2,Positive
Indapur,0.275,0.7,1,Positive
Chettikulam,0.275,0.575,1,Positive
Melukote,0.275,0.475,1,Positive
Amreli,0.2748,0.5415,15,Positive
Kochi (Cochin),0.2746,0.5072,19809,Positive
Sakleshpur,0.2745,0.5585,383,Positive
Anjar,0.2745,0.4677,27,Positive
Dahod,0.2743,0.5413,16,Positive
Vapi,0.2742,0.5322,47,Positive
Ferozpur Jhirka,0.2741,0.5315,6,Positive
Jashpur,0.2739,0.547,18,Positive
Kanadukathan,0.2736,0.5346,59,Positive
Ellora,0.2736,0.4919,29,Positive
Draksharama,0.2733,0.5052,69,Positive
Mehsana,0.2732,0.5666,237,Positive
Kheda,0.2731,0.546,158,Positive
Chowara,0.2731,0.5817,85,Positive
Gopeshwar,0.273,0.5814,55,Positive
Balgudar,0.2729,0.4483,4,Positive
Howrah,0.2729,0.5425,713,Positive
Faridabad,0.2724,0.5265,599,Positive
Kumarakom,0.2724,0.5358,1347,Positive
Bhowali,0.2723,0.5684,96,Positive
The Nilgiris District,0.2722,0.6111,1,Positive
Kangra,0.2721,0.5263,861,Positive
Patna,0.2718,0.5035,2928,Positive
Amritsar,0.2718,0.5387,16081,Positive
South Andaman Island,0.2717,0.5134,10054,Positive
Ambala,0.2717,0.5054,207,Positive
Rishop,0.2716,0.5561,19,Positive
Kurukshetra,0.2715,0.5216,623,Positive
Sidhi,0.2711,0.4777,12,Positive
Jejuri,0.271,0.5702,82,Positive
Ukhimath,0.271,0.5621,295,Positive
Nagarjuna Sagar,0.2709,0.5218,123,Positive
Thuckalay,0.2708,0.4924,597,Positive
Konni,0.2707,0.5305,73,Positive
Koynanagar,0.2707,0.5087,25,Positive
Thiruthani,0.2707,0.5091,78,Positive
Dabaspete,0.2706,0.5679,159,Positive
Vengurla,0.2703,0.5524,146,Positive
Jambusar,0.2703,0.5286,30,Positive
Siridao,0.27,0.5937,20,Positive
Palolem,0.2696,0.5513,237,Positive
Chamba,0.2696,0.545,1506,Positive
Hampi,0.2696,0.5428,6950,Positive
Burdwan,0.2695,0.4504,14,Positive
Srikalahasti,0.2694,0.528,419,Positive
Dharampur,0.2694,0.5184,11,Positive
Anjuna,0.2694,0.5343,981,Positive
Puri,0.2693,0.5476,8105,Positive
Channapatna,0.2693,0.5002,233,Positive
Thiruvannamalai,0.2693,0.5427,707,Positive
Rajgir,0.2692,0.5232,505,Positive
Ghatshila,0.2691,0.5872,18,Positive
Karuvarakundu,0.269,0.5743,8,Positive
Allahabad,0.269,0.5076,2263,Positive
Tadepalligudem,0.2688,0.85,2,Positive
Palampur,0.2688,0.5596,791,Positive
Anachal,0.2687,0.4625,245,Positive
Theni,0.2686,0.5458,365,Positive
Ajmer,0.2686,0.5435,2948,Positive
Virpur,0.2685,0.5433,76,Positive
Vaikom,0.2684,0.4821,44,Positive
Samsing,0.2684,0.5548,34,Positive
Bolpur,0.2684,0.5169,151,Positive
Latehar,0.2681,0.5689,10,Positive
Champawat,0.2681,0.4565,52,Positive
Puttaparthi,0.2679,0.5009,358,Positive
Jhalrapatan,0.2679,0.4881,6,Positive
Saiha,0.2679,0.6986,2,Positive
Puthuppally,0.2678,0.4731,7,Positive
Dhaula Kuan,0.2678,0.3515,4,Positive
Bishnupur,0.2678,0.4998,369,Positive
Mawlynnong,0.2676,0.5503,826,Positive
Ponnani,0.2676,0.5806,26,Positive
Dwarka,0.2675,0.5208,3484,Positive
Malsi,0.2674,0.5802,665,Positive
Araku Valley,0.2674,0.5622,231,Positive
Karkala,0.2674,0.522,210,Positive
Raigad,0.2674,0.5226,693,Positive
Nakodar,0.2673,0.5519,19,Positive
Deeg,0.2672,0.5842,223,Positive
Bidar,0.2671,0.5421,476,Positive
Palghar,0.2671,0.5542,119,Positive
Kavi,0.267,0.5047,5,Positive
Ramnagaram,0.267,0.4939,55,Positive
Mollem National Park,0.2667,0.5419,1209,Positive
Sohra,0.2666,0.5593,3427,Positive
Pokhran,0.2664,0.5138,49,Positive
Baba Bakala,0.2664,0.3832,19,Positive
Rameswaram,0.2663,0.524,6365,Positive
Kondapalle,0.2663,0.4818,20,Positive
Sirpur,0.266,0.5094,28,Positive
Alchi,0.266,0.5511,123,Positive
Dewas,0.2659,0.5034,54,Positive
Binsar,0.2657,0.5465,121,Positive
Dombivli,0.2656,0.4871,19,Positive
Aurangabad,0.2655,0.5347,6335,Positive
Candolim,0.2655,0.5689,532,Positive
Ganjam,0.2654,0.547,257,Positive
Wai,0.2648,0.5266,50,Positive
Garjiya,0.2647,0.4347,10,Positive
Kausani,0.2645,0.5354,1213,Positive
Subrahmanya,0.2643,0.5933,3,Positive
Ratibandar,0.2642,0.437,8,Positive
Mandu,0.2638,0.5183,1309,Positive
Ozar,0.2638,0.5076,86,Positive
Trimbak,0.2634,0.5199,1468,Positive
Triyuginarayan,0.263,0.4579,53,Positive
Pudukkottai,0.2628,0.505,157,Positive
Kalpetta,0.2627,0.5454,7837,Positive
Kalady,0.2626,0.4825,173,Positive
Barog,0.2626,0.5189,46,Positive
Acharapakkam,0.2625,0.4375,2,Positive
Parra,0.2625,0.4571,7,Positive
Dibrugarh,0.2623,0.5929,74,Positive
Almora,0.2623,0.5321,1162,Positive
Nagaon,0.2623,0.3918,56,Positive
Pathanamthitta,0.2621,0.5411,362,Positive
Tura,0.2618,0.5772,29,Positive
Tabo,0.2618,0.5105,61,Positive
Jaggaiahpet,0.2616,0.5348,11,Positive
Rarang Khas,0.2615,0.5775,3,Positive
Adipur,0.2614,0.5236,30,Positive
Namakkal,0.2614,0.5156,233,Positive
Darbhanga,0.2613,0.5478,20,Positive
Bhiwandi,0.2612,0.4848,11,Positive
Kurnool,0.2612,0.5111,1068,Positive
Kanthalloor,0.2608,0.5229,16,Positive
Tirur,0.2607,0.4875,34,Positive
Sriperumbudur,0.2607,0.5366,54,Positive
Hazira,0.2605,0.5852,127,Positive
Junagadh,0.2605,0.53,2019,Positive
Gyaraspur,0.2604,0.4573,4,Positive
Kalsi,0.2604,0.6035,12,Positive
Burhanpur,0.2603,0.5202,102,Positive
Tambaram,0.2602,0.5678,15,Positive
Raichur,0.26,0.4832,56,Positive
Koderma,0.26,0.4804,15,Positive
Bankura,0.2598,0.5374,230,Positive
Kas,0.2597,0.5486,451,Positive
Murud,0.2596,0.5243,424,Positive
Umaria,0.2592,0.6299,8,Positive
Chamoli,0.259,0.5493,683,Positive
Digha,0.2587,0.5387,1081,Positive
Fatehpur Sikri,0.2586,0.538,2394,Positive
Idagunji,0.2584,0.5249,76,Positive
Thrikkakara,0.2583,0.5456,25,Positive
Mulbagal,0.2582,0.5472,20,Positive
Subramanya,0.2582,0.5359,491,Positive
Guwahati,0.258,0.5236,4896,Positive
Golaghat,0.2579,0.5341,30,Positive
Manikaran,0.2579,0.5955,318,Positive
Velankanni,0.2578,0.5361,740,Positive
Talwandi Sabo,0.2578,0.4532,16,Positive
Datia,0.2576,0.5331,140,Positive
Naldehra,0.2575,0.5316,296,Positive
Dyathapura,0.2575,0.329,3,Positive
Thenmala,0.2572,0.5315,218,Positive
Kanchipuram,0.2569,0.5069,1349,Positive
Daulatabad,0.2569,0.5434,553,Positive
Farsaheya,0.2568,0.526,8,Positive
Ankleshwar,0.2566,0.5226,15,Positive
Agumbe,0.2565,0.5549,213,Positive
Imphal,0.2562,0.51,1058,Positive
Nalagarh,0.2561,0.6463,25,Positive
Changanacherry,0.2559,0.429,20,Positive
Palani,0.2557,0.5438,615,Positive
Uttarkashi,0.2555,0.5659,293,Positive
Raebareli,0.2555,0.4935,12,Positive
Thiruvilvamala,0.255,0.5234,8,Positive
Aizawl,0.255,0.5199,295,Positive
Sawai Madhopur,0.2549,0.5663,5411,Positive
Ullal,0.2549,0.5693,14,Positive
Dharamkot,0.2548,0.5362,22,Positive
Karnala,0.2547,0.5238,131,Positive
Gobichettipalayam,0.2546,0.5609,9,Positive
Sulthan Bathery,0.2546,0.4925,148,Positive
Rajgurunagar,0.2542,0.6653,2,Positive
Sundargarh,0.2541,0.3908,11,Positive
Devprayag,0.2541,0.5426,140,Positive
Pushkar,0.2538,0.5297,4363,Positive
Ujjain,0.2533,0.515,3513,Positive
Dharmasthala,0.253,0.5295,330,Positive
Rudrapur,0.2528,0.5091,22,Positive
Yadagirigutta,0.2525,0.5518,80,Positive
Panipat,0.2523,0.4695,193,Positive
Omkareshwar,0.2522,0.4944,494,Positive
Hooghly,0.2521,0.4747,351,Positive
McLeod Ganj,0.2521,0.5604,6741,Positive
Sakti,0.252,0.5174,11,Positive
Marthandam,0.2519,0.5851,24,Positive
Khonoma,0.2518,0.5218,72,Positive
Somwarpet,0.2517,0.506,85,Positive
Cortalim,0.2517,0.4829,6,Positive
Kushinagar,0.2516,0.5151,191,Positive
Narnaul,0.2516,0.5575,58,Positive
Nathdwara,0.2516,0.5128,826,Positive
Vizhinjam,0.2515,0.5298,86,Positive
Junnar,0.2515,0.5597,230,Positive
Dhari,0.2514,0.4333,5,Positive
Bijapur,0.2513,0.5145,1104,Positive
Thekkady,0.2509,0.5454,6040,Positive
Hogenakkal,0.2508,0.5503,120,Positive
Bhalukpong,0.2508,0.5817,19,Positive
Shirdi,0.2508,0.4902,4344,Positive
Angamaly,0.2507,0.4578,66,Positive
Ayodhya,0.2504,0.5381,346,Positive
Panhala,0.2502,0.423,10,Positive
Dwaraka Tirumala,0.2501,0.5396,53,Positive
Jhargram,0.25,0.45,1,Positive
Tirupattur,0.25,0.3,1,Positive
Jagraon,0.25,0.275,2,Positive
Thiruvedagam,0.25,0.7,1,Positive
Proddatur,0.25,0.4722,3,Positive
Bhilai,0.2498,0.4641,160,Positive
Hunder,0.2498,0.5622,133,Positive
Mansar,0.2496,0.5517,55,Positive
Chitrakoot,0.2496,0.5006,304,Positive
Umbergaon,0.2494,0.5333,7,Positive
Varanasi,0.2491,0.5303,15641,Positive
Udayagiri,0.249,0.5233,6,Positive
Kaza,0.2486,0.5402,639,Positive
Mathura,0.2485,0.5203,1792,Positive
Salkanpur,0.2485,0.5796,6,Positive
Sawantwadi,0.2484,0.4978,50,Positive
Auroville,0.2482,0.5109,1492,Positive
Kuthar,0.2481,0.4904,15,Positive
Wargal,0.2481,0.4209,7,Positive
Tiruppur,0.2481,0.5127,155,Positive
Pilibhit,0.248,0.4798,31,Positive
Deoghar,0.248,0.5329,657,Positive
Pattadakal,0.248,0.5009,376,Positive
Alirajpur,0.2479,0.5062,1,Positive
Patan,0.2478,0.4959,90,Positive
Harnai,0.2477,0.4996,13,Positive
Sahibganj,0.2475,0.5237,27,Positive
Fort Kochi,0.2474,0.521,25,Positive
Caranzalem,0.2473,0.6345,14,Positive
Kammasandra,0.2472,0.5478,126,Positive
Chandor,0.2471,0.5163,108,Positive
Courtallam,0.247,0.5219,233,Positive
Ambarnath,0.2466,0.5775,63,Positive
Velavadar,0.2465,0.5184,90,Positive
Bantwal,0.2465,0.5197,19,Positive
Kudli,0.2464,0.5339,1,Positive
Loutolim,0.2463,0.4724,166,Positive
Pandavapura,0.2461,0.5158,16,Positive
Gulbarga,0.2457,0.4785,204,Positive
Muzaffarnagar,0.2452,0.4705,26,Positive
Jaigaon,0.245,0.5613,4,Positive
Mailam,0.245,0.5465,19,Positive
Kuttanad,0.2447,0.5663,33,Positive
Majuli,0.2446,0.5306,132,Positive
Vedaranyam,0.2445,0.6036,9,Positive
Pattikad,0.244,0.5197,25,Positive
Odagaon,0.244,0.75,3,Positive
Verna,0.2437,0.5243,57,Positive
Pallickathodu,0.2436,0.5585,70,Positive
Chandrapur,0.2436,0.5355,110,Positive
Muvattupuzha,0.2434,0.4623,27,Positive
Narasaraopet,0.2432,0.4556,18,Positive
Devikulam,0.2431,0.4724,121,Positive
Digboi,0.2428,0.5247,47,Positive
Sherpe,0.2427,0.5325,5,Positive
Tuticorin,0.2426,0.4865,90,Positive
Wardha,0.2426,0.4831,107,Positive
Devarayanadurga,0.2426,0.4735,28,Positive
Bhabhua,0.2426,0.3074,6,Positive
Thirunelly,0.2424,0.4966,18,Positive
Agatti,0.2423,0.5179,70,Positive
Oachira,0.2417,0.7033,5,Positive
Vidisha,0.2413,0.4964,144,Positive
Khichan,0.2411,0.502,62,Positive
Jorhat,0.2409,0.4961,201,Positive
Parbhani,0.2408,0.4916,27,Positive
Rayagada,0.2404,0.5292,11,Positive
Jajpur,0.2403,0.4327,59,Positive
Zuluk,0.2402,0.5332,106,Positive
Bandipur,0.2399,0.5355,974,Positive
Palamaner,0.2397,0.5587,5,Positive
Murshidabad,0.2396,0.4818,923,Positive
Guruvayur,0.2396,0.5018,959,Positive
Sonamarg,0.2391,0.5939,518,Positive
Gouradanda,0.2391,0.4963,15,Positive
Mazbat,0.2386,0.5707,2,Positive
Nagothane,0.2385,0.4516,32,Positive
Raigarh,0.2384,0.5908,8,Positive
Tiruvannamalai,0.2378,0.5058,529,Positive
Bongaigaon,0.2375,0.4746,15,Positive
Anantnag,0.2375,0.5359,289,Positive
Stakna,0.2375,0.375,1,Positive
Nalbari,0.2374,0.4594,7,Positive
Palitana,0.2372,0.5294,178,Positive
Bageshwar,0.2371,0.4839,67,Positive
Thirukadaiyur,0.2371,0.528,74,Positive
Tuljapur,0.2371,0.5362,110,Positive
Shoja,0.2371,0.5906,57,Positive
Mahad,0.2369,0.6108,28,Positive
Daman,0.2368,0.5492,2458,Positive
Prem Nagar,0.2368,0.5081,10,Positive
Mahasamund,0.2362,0.4813,29,Positive
Dhubri,0.2361,0.4815,9,Positive
Yelagiri,0.2361,0.5348,762,Positive
Dirang,0.2355,0.5232,82,Positive
Phagwara,0.2353,0.453,18,Positive
Tadong,0.2351,0.606,2,Positive
Tikamgarh,0.2347,0.4375,11,Positive
Pandharpur,0.2345,0.5177,317,Positive
Dawki,0.2344,0.5356,396,Positive
Swamimalai,0.2339,0.5608,39,Positive
Gadwal,0.2334,0.4795,40,Positive
Navadvipa,0.2333,0.2917,2,Positive
Thangadh,0.2333,0.275,1,Positive
Bajarwadi,0.2332,0.6021,15,Positive
Pragpur,0.2331,0.502,41,Positive
Peren,0.2326,0.5639,3,Positive
Balasinor,0.2325,0.553,36,Positive
Sevagram,0.2323,0.4276,20,Positive
Nazira,0.2319,0.3236,6,Positive
Kopargaon,0.2319,0.4495,12,Positive
Thirukkarugavur,0.2318,0.5308,80,Positive
Silchar,0.2316,0.5189,88,Positive
Pollachi Town,0.2316,0.5249,193,Positive
Cherthala,0.2313,0.5135,31,Positive
Khaniyara,0.2313,0.4271,17,Positive
Gorumara National Park,0.2311,0.5099,168,Positive
Shravasti,0.231,0.5518,18,Positive
Baramati,0.2308,0.408,200,Positive
Nimbahera,0.2306,0.4222,2,Positive
Malda,0.2304,0.4999,191,Positive
Chanderi,0.2304,0.5359,124,Positive
Kohri,0.2299,0.4528,3,Positive
Raichak,0.2299,0.5029,43,Positive
Saligrama,0.2294,0.4844,8,Positive
Bokakhat,0.2293,0.6246,14,Positive
Parassinikadavu,0.2292,0.5052,57,Positive
Nalsarovar,0.2288,0.5196,127,Positive
Maynaguri,0.2287,0.5782,5,Positive
Bannari,0.2283,0.5528,15,Positive
Saharanpur,0.2282,0.4846,63,Positive
Kaladhungi,0.2279,0.4664,185,Positive
Udalguri,0.2275,0.3008,2,Positive
Srirangapatna,0.2272,0.4925,889,Positive
Sariska,0.2268,0.5406,182,Positive
Gir National Park,0.2266,0.4826,53,Positive
Gurdaspur,0.2264,0.45,70,Positive
Gumla,0.2264,0.5028,4,Positive
Badrinath,0.2259,0.5416,903,Positive
Blathykavala,0.225,0.6708,2,Positive
Titwala,0.2238,0.4998,16,Positive
Bakkhali,0.2234,0.5242,202,Positive
Tumari,0.2232,0.4853,31,Positive
Yana,0.223,0.5612,175,Positive
Tiruvallur,0.2228,0.434,46,Positive
Bharmour,0.2222,0.5,69,Positive
Virje,0.2222,0.3461,5,Positive
Hingolgadh Village,0.2221,0.4652,9,Positive
Veraval,0.2219,0.5456,41,Positive
Haldia,0.2214,0.4545,66,Positive
Jwalamukhi,0.2213,0.5365,315,Positive
Muktsar,0.2209,0.3953,29,Positive
Puttur,0.2208,0.6347,5,Positive
Amarkantak,0.2207,0.5044,431,Positive
Kalpa,0.2206,0.5902,73,Positive
Sitamarhi,0.2205,0.388,49,Positive
Mantralayam,0.2205,0.5097,155,Positive
Thiruparankundram,0.2202,0.4969,34,Positive
Gangotri,0.2199,0.5502,261,Positive
Samayapuram,0.2197,0.5695,42,Positive
Nadaun,0.2197,0.4321,3,Positive
Maravanthe,0.2194,0.4185,4,Positive
Dakor,0.2191,0.486,39,Positive
Madduru,0.2185,0.4387,16,Positive
Dharmapuri,0.2179,0.5455,549,Positive
Dimapur,0.2173,0.5042,118,Positive
Jawahar,0.2167,0.3333,1,Positive
Bainguinim,0.2164,0.4947,36,Positive
Narasapura,0.2164,0.2779,16,Positive
Sasan Gir,0.2162,0.5074,480,Positive
Kakkabe,0.2156,0.5539,420,Positive
Sivasagar,0.2153,0.4681,20,Positive
Devanhalli,0.2152,0.4661,75,Positive
North Paravur,0.2151,0.4721,131,Positive
Khairabad,0.215,0.64,1,Positive
Mopidevi,0.2144,0.6037,7,Positive
Lakhpat,0.2143,0.4798,69,Positive
Koilwar,0.2143,0.4429,2,Positive
Bulandshahr,0.214,0.4391,3,Positive
Menar,0.2139,0.4208,4,Positive
Birpara,0.2137,0.4868,21,Positive
Karaikal,0.2136,0.5452,128,Positive
Lawngtlai,0.2136,0.5683,5,Positive
Hunsur,0.2134,0.5165,297,Positive
Tarapith,0.2125,0.4875,195,Positive
Gadag,0.2119,0.5124,51,Positive
Nako,0.2118,0.5197,40,Positive
Udvada,0.2118,0.4875,42,Positive
Cheyyar,0.2113,0.4766,10,Positive
Soraba,0.2111,0.5,1,Positive
Kuruppampady,0.2108,0.5715,37,Positive
Sanquelim,0.2103,0.4503,12,Positive
Maem,0.2096,0.5187,18,Positive
Chengannur,0.2096,0.5989,16,Positive
Yelandur,0.2095,0.2714,1,Positive
Ambavli,0.2094,0.5129,33,Positive
Jolaibari,0.2094,0.3841,10,Positive
Baramulla,0.2092,0.4717,5,Positive
Belthangady,0.2086,0.4827,38,Positive
Chandipur,0.2082,0.4973,58,Positive
Bidarakatte,0.208,0.4369,4,Positive
Nilgiri,0.208,0.5104,60,Positive
Vaishali,0.2077,0.4799,83,Positive
Alto-Porvorim,0.2076,0.5188,5,Positive
Roing,0.2075,0.4996,57,Positive
Adimaly,0.2069,0.6272,11,Positive
Dabhoi,0.2065,0.5039,37,Positive
Fatehgarh,0.206,0.4925,8,Positive
Panna Tiger Reserve,0.2057,0.5088,8,Positive
Tranquebar,0.2051,0.4613,53,Positive
Kannauj,0.205,0.4675,6,Positive
Malavalli,0.2049,0.4336,7,Positive
Kanakapura,0.2046,0.5246,171,Positive
Talyachi Wadi,0.2042,0.5167,2,Positive
Madurantakam,0.204,0.3993,5,Positive
Villupuram,0.2036,0.4495,79,Positive
Tiruchengode,0.2029,0.4806,34,Positive
Kufri,0.2027,0.5504,140,Positive
Nandyal,0.2026,0.4136,7,Positive
Madla,0.2026,0.4062,3,Positive
Talakad,0.2023,0.4548,114,Positive
Dasanapura,0.2019,0.5009,2,Positive
Barasat,0.2016,0.3884,31,Positive
Baratang Island,0.2014,0.5027,290,Positive
Govardhan,0.2013,0.3937,6,Positive
Kamarpukur,0.2005,0.4269,43,Positive
Punalur,0.2003,0.3698,25,Positive
Doddaballapur,0.2001,0.5599,33,Positive
Kolaghat,0.2,0.3771,4,Positive
Wandoor,0.2,0.4,1,Positive
Rampuriya Bujrg,0.2,0.5,1,Positive
Morena,0.2,0.5038,78,Positive
Duhka,0.2,0.9667,1,Positive
Paithan,0.2,0.5333,1,Positive
Sundarbans National Park,0.1998,0.5021,131,Positive
Sivaganga,0.1995,0.4245,40,Positive
Mailani,0.1994,0.3818,9,Positive
Nalanda,0.199,0.4477,289,Positive
Gingee,0.1988,0.4819,78,Positive
Koppal,0.1982,0.4613,42,Positive
Narlai,0.1982,0.2982,2,Positive
Meppadi,0.1979,0.5771,14,Positive
Nagapattinam,0.1972,0.5021,305,Positive
Maharashtra,0.1963,0.4947,95,Positive
Bhavani,0.196,0.4104,18,Positive
Faridkot,0.1959,0.3995,32,Positive
Madhugiri,0.1957,0.5768,67,Positive
Cola,0.1955,0.4172,54,Positive
Vaitheeswarankovil,0.1954,0.5234,74,Positive
Haripur,0.1951,0.5264,7,Positive
Parthampura,0.195,0.3408,4,Positive
Ambikapur,0.195,0.5007,19,Positive
Janjgir,0.1949,0.3742,12,Positive
Ziro,0.1945,0.5185,51,Positive
Deoria,0.194,0.4246,5,Positive
Sonepur,0.1937,0.4524,26,Positive
Tharangambadi,0.1936,0.4985,140,Positive
Kedarnath,0.1936,0.538,450,Positive
Gaya,0.1935,0.4997,430,Positive
Mokokchung,0.1923,0.3815,14,Positive
Mamidada,0.1917,0.4083,2,Positive
Kamod,0.1917,0.6272,4,Positive
Namdapha National Park,0.19,0.388,8,Positive
Sangrur,0.1898,0.3817,20,Positive
Hajo,0.1896,0.3871,14,Positive
Sholinghur,0.1896,0.5371,52,Positive
Thiruvarur,0.1893,0.4608,123,Positive
Ambajogai,0.1893,0.5149,8,Positive
Tarakeswar,0.1889,0.4167,9,Positive
Hatgad,0.1888,0.4321,61,Positive
Naldurg,0.1875,0.4823,14,Positive
Thirthahalli,0.1875,0.4942,1,Positive
Kaloor,0.1873,0.472,38,Positive
Sagar Island,0.1872,0.4658,135,Positive
Dhikuli,0.1872,0.3939,11,Positive
Balicha,0.1867,0.4367,1,Positive
Bhairapur,0.1867,0.5367,1,Positive
Velsao,0.1864,0.499,15,Positive
Nighoj,0.1859,0.5751,19,Positive
Thiruvidandai,0.1853,0.4266,23,Positive
Revdanda,0.1852,0.5111,3,Positive
Kishangarh,0.1843,0.465,26,Positive
Balurghat,0.1837,0.4466,6,Positive
Kupup,0.1833,0.5,2,Positive
Kangar Dharyar,0.1833,0.5,1,Positive
Sirkazhi,0.1822,0.4438,58,Positive
Alipurduar,0.1816,0.4554,8,Positive
Jageshwar,0.1815,0.5374,66,Positive
Mandore,0.1815,0.5302,14,Positive
Mangar,0.18,0.36,1,Positive
Hatkoti,0.18,0.5566,11,Positive
Thiruvalla,0.1798,0.4606,146,Positive
Lonar,0.1792,0.5013,168,Positive
Bagalkot,0.1788,0.4952,51,Positive
Sitapur,0.1785,0.4486,27,Positive
Chinnamanur,0.178,0.4528,3,Positive
Kelwa,0.1778,0.2333,2,Positive
Bhagani,0.1778,0.5333,3,Positive
Barshi,0.1776,0.2336,5,Positive
Darima,0.1768,0.3608,6,Positive
Deshnoke,0.1756,0.5464,441,Positive
Kannad,0.1753,0.4717,11,Positive
Jakrem,0.1752,0.6867,6,Positive
Pottankadu,0.175,0.45,1,Positive
Remed,0.175,0.15,2,Positive
Chandragutti,0.175,0.4767,3,Positive
Nababhat,0.1742,0.4391,20,Positive
Lumding,0.1728,0.4961,5,Positive
Changlang,0.1727,0.376,26,Positive
Nagrota,0.1717,0.4451,14,Positive
Borsad,0.1714,0.5259,26,Positive
Daltonganj,0.1714,0.397,7,Positive
Damoy,0.1707,0.4088,2,Positive
Mulshi,0.1706,0.5884,8,Positive
Chendamangalam,0.1705,0.3876,50,Positive
Bikkavolu,0.1694,0.2889,2,Positive
Vadakara,0.1694,0.38,11,Positive
Diphu,0.1685,0.5173,10,Positive
Khatkar Kalan,0.1685,0.4865,8,Positive
Dausa,0.1684,0.5504,143,Positive
Anaviratty,0.168,0.4413,143,Positive
Shingnapur,0.1675,0.5166,451,Positive
Rajgarh Gulahriya,0.1667,0.675,1,Positive
Kulithalai,0.1667,0.3333,1,Positive
Yeola,0.1667,0.3333,1,Positive
Ganagapur,0.1667,0.3333,1,Positive
Shey,0.1666,0.4165,8,Positive
Jubbal,0.1663,0.5277,11,Positive
Idar,0.1655,0.5282,8,Positive
Bhusawal,0.1655,0.3726,3,Positive
Hingoli,0.165,0.4828,57,Positive
Tarapur,0.1642,0.4806,7,Positive
Mandapeta,0.1636,0.4992,2,Positive
Mogra,0.1625,0.4375,1,Positive
Ramakkalmedu,0.1617,0.5965,6,Positive
Neral,0.1612,0.552,29,Positive
Khed,0.1611,0.6814,5,Positive
Hansi,0.1607,0.4133,13,Positive
Devipattinam,0.1604,0.3275,19,Positive
Kotkhai,0.1603,0.4075,9,Positive
Naya Raipur,0.1577,0.453,2,Positive
Yamunotri,0.1569,0.5567,167,Positive
Bhalki,0.1567,0.4413,10,Positive
Kodanad,0.1566,0.4937,161,Positive
Dhankhar,0.1559,0.5168,34,Positive
Hoovina Hadagalli Taluk,0.1556,0.3611,3,Positive
Mukhla,0.1543,0.4344,6,Positive
Pakur,0.1532,0.4274,22,Positive
Canning,0.1525,0.6017,2,Positive
Sibsagar,0.1512,0.4721,129,Positive
Malayattoor,0.1506,0.4485,37,Positive
Sankarankoil,0.1503,0.3847,11,Positive
Narsinghpur,0.15,0.3562,1,Positive
Mecheri,0.15,0.2562,2,Positive
Mannady,0.15,0.3333,1,Positive
Nagore,0.1486,0.4448,43,Positive
Pithapuram,0.1485,0.4266,47,Positive
Thirukalukundram,0.1481,0.4574,14,Positive
Budhauli,0.1475,0.4095,5,Positive
Alampur,0.1471,0.4099,20,Positive
Gangolihat,0.1464,0.5344,121,Positive
Churachandpur,0.1464,0.4673,5,Positive
Chintpurni,0.1444,0.4407,3,Positive
Bhildi,0.1434,0.4927,7,Positive
Sheopur,0.1391,0.5292,6,Positive
Anjanvel,0.1389,0.5065,3,Positive
Kadiri,0.1374,0.4182,6,Positive
Turtuk,0.1361,0.4798,33,Positive
Soron,0.1361,0.3806,3,Positive
Sirhind,0.1333,0.4211,6,Positive
Fazilka,0.1333,0.5596,5,Positive
Thiruvavaduthurai,0.1333,0.5333,1,Positive
Kaikaluru,0.1329,0.4414,9,Positive
Unnao,0.1326,0.3736,11,Positive
Ambalappuzha,0.1312,0.5875,1,Positive
Rajauri,0.1292,0.5756,3,Positive
Simlipal National Park,0.129,0.5688,6,Positive
Kalna,0.1289,0.492,21,Positive
Mon,0.1273,0.496,21,Positive
Pulicat,0.1264,0.4539,5,Positive
Sangolda,0.1263,0.5129,4,Positive
Melmaruvathur,0.1255,0.4437,8,Positive
Airari,0.125,0.6444,1,Positive
Arayankavu,0.125,0.25,2,Positive
Chatra,0.125,0.3776,4,Positive
Shantiniketan,0.1236,0.3833,2,Positive
Bhagdara,0.1222,0.3678,3,Positive
Bijolia,0.1219,0.326,4,Positive
Manarcaud,0.1213,0.5296,6,Positive
Khuldabad,0.1209,0.3657,16,Positive
Sidhpur,0.1208,0.4447,35,Positive
Awantipora,0.12,0.4342,38,Positive
Guptkashi,0.1199,0.4539,10,Positive
Huzurnagar,0.1167,0.2083,4,Positive
Nanguneri,0.1144,0.2654,8,Positive
Vagholi,0.1133,0.4633,1,Positive
Vaduvur,0.1125,0.5375,4,Positive
Oothukadu,0.1115,0.4646,5,Positive
Siruvachur,0.1111,0.4972,2,Positive
Renigunta,0.11,0.2883,2,Positive
Shahjahanpur,0.1095,0.4132,4,Positive
Shirali,0.1086,0.38,2,Positive
Naina Devi,0.108,0.3411,2,Positive
Along,0.1078,0.4801,10,Positive
Sabarimala,0.1069,0.3766,38,Positive
Kantilo,0.1055,0.3957,8,Positive
Godda,0.1042,0.6333,1,Positive
Champhai,0.1028,0.397,10,Positive
Thiruvennainallur,0.1,0.2,1,Positive
Jamui,0.1,0.4,1,Positive
Katoya,0.1,0.3833,2,Positive
Jibhi,0.0962,0.4094,3,Positive
Kharagpur,0.0958,0.2208,4,Positive
Dantewada,0.0941,0.4194,6,Positive
Andhakaranazhy,0.094,0.5881,1,Positive
Phillaur,0.0938,0.1875,1,Positive
Andanallur,0.0935,0.3762,1,Positive
Ghagra,0.0899,0.6635,3,Positive
Chimre,0.0875,0.6,1,Positive
Ladnun,0.0875,0.1554,2,Positive
Uttiramerur,0.0862,0.3988,2,Positive
Kesariya,0.0856,0.3362,10,Positive
Thanesar,0.085,0.333,11,Positive
Chumathang,0.0847,0.6192,12,Positive
Yadgir,0.0842,0.3272,5,Positive
Dandi,0.0833,0.1667,1,Positive
Oblaipalle,0.0833,0.2333,1,Positive
Todgarh,0.08,0.27,1,Positive
Banda,0.0785,0.4953,9,Positive
Barpeta,0.078,0.1914,4,Positive
Meenangadi,0.0774,0.1714,2,Positive
Muthanga,0.0769,0.3723,18,Positive
Pandua,0.0752,0.5145,5,Positive
Ahwa,0.075,0.5,2,Positive
Rai,0.0661,0.3567,3,Positive
Devadhanapatti,0.0651,0.3159,1,Positive
Aragonda,0.0636,0.2797,6,Positive
Irikkur,0.0625,0.5,1,Positive
Injole,0.0611,0.3875,3,Positive
Molcornem,0.0531,0.2372,6,Positive
East Khasi Hills District,0.05,0.4095,1,Neutral
Chintamani,0.05,0.2,1,Neutral
Mahadevapura,0.05,0.5,1,Neutral
Arakkonam,0.0487,0.5235,5,Neutral
Dhaulas,0.0486,0.5,3,Neutral
Budaun,0.0354,0.5333,2,Neutral
Renuka Ji,0.034,0.4706,9,Neutral
Pottenplave,0.0299,0.4529,5,Neutral
Samaguri,0.0298,0.2946,1,Neutral
Mishrikh Neemsar,0.0278,0.1389,3,Neutral
Rajbalhat,0.025,0.35,1,Neutral
Kolasib,0.025,0.6,1,Neutral
Raireshwar,0.025,0.4062,2,Neutral
Kadayam,0.0222,0.3111,1,Neutral
Hosadurga,0.0204,0.3722,3,Neutral
Tindivanam,0.02,0.62,1,Neutral
Robertsganj,0.0174,0.4056,2,Neutral
Villianur,0.017,0.1068,2,Neutral
Washim,0.0157,0.4038,8,Neutral
Dhemaji,0.0083,0.175,6,Neutral
Farakka,0.003,0.4584,10,Neutral
Eppodumvenran,0.0028,0.4889,1,Neutral
Lakhimpur,0.0023,0.4604,2,Neutral
Samana,0.0,0.0,1,Neutral
Wadapally,0.0,0.5,1,Neutral
Ramdevra,0.0,0.0,1,Neutral
Nagrasu,0.0,0.0,1,Neutral
Hanumanthapuram,0.0,0.2,2,Neutral
Mappedu,0.0,0.25,1,Neutral
Wahkhen,0.0,0.25,1,Neutral
Thiruvaiyaru,0.0,0.0,1,Neutral
Tippi,0.0,0.0,1,Neutral
Garhwa,0.0,0.0,1,Neutral
Galajwari,0.0,1.0,1,Neutral
Brahmadesam,0.0,0.2,1,Neutral
Dubrajpur,-0.01,0.42,1,Neutral
Sanawad,-0.0118,0.7027,8,Neutral
Salasi,-0.0174,0.4698,4,Neutral
Garh Siliyara,-0.0333,0.3,2,Neutral
Burwa,-0.0357,0.3643,1,Neutral
Nambol,-0.0375,0.1625,2,Neutral
Chhachhrauli,-0.0417,0.3948,3,Neutral
Kumaon,-0.0428,0.6558,3,Neutral
Radhakishorepur,-0.05,0.35,1,Neutral
Kailashahar,-0.05,0.275,2,Neutral
Perambalur,-0.0563,0.3938,4,Negative
Khonsa,-0.0625,0.6875,2,Negative
Jalasangvi,-0.075,0.4,1,Negative
Nala Sopara,-0.075,0.1,1,Negative
Athipotta,-0.0889,0.3667,1,Negative
Gubbi,-0.0972,0.31,2,Negative
Kiriburu,-0.125,1.0,1,Negative
Bhadravati,-0.15,0.2385,1,Negative
Denkanikottai,-0.1556,0.55,3,Negative
Taliparamba,-0.1583,0.5833,2,Negative
Tamil Nadu,-0.1667,0.25,1,Negative
Haddo,-0.1833,0.3333,1,Negative
Senganur,-0.25,0.4,1,Negative
Sanghol,-0.3375,0.8875,2,Negative
